adj_edge_jaccard,division_fn,division_fp,division_tp,edge_fn,edge_fp,edge_jaccard,edge_tp,embryo,node_recall,num_pred_nodes,safe_divs,stem,total_node_ratio,variant
0.9435796643093203,1,0,0,28,35,0.9220297029702971,745,44b6,0.9923857868020305,44959,24,44b6_12dfb391,-0.23372307062994274,tail_base
0.8027032190614303,1,0,0,24,33,0.8161290322580645,253,44b6,0.9892857142857143,22277,29,44b6_267148e4,0.16450601150026137,tail_base
0.8940339678137111,1,1,0,11,19,0.868995633187773,199,44b6,1.0,40126,40,44b6_2a2eff9f,-0.28812957936381217,tail_base
0.9774175677101697,0,0,1,2,0,0.9904306220095693,207,44b6,0.9907407407407407,8413,11,44b6_341df25f,0.13138784292630445,tail_base
0.8976967183498187,0,2,1,16,23,0.9010152284263959,355,44b6,0.9921259842519685,18805,45,44b6_587a1e22,0.03683078789215416,tail_base
0.9025228004995157,0,0,1,16,19,0.8801369863013698,257,44b6,0.9892086330935251,22011,16,44b6_5f15d135,-0.25434465937192996,tail_base
0.8539967028879444,1,0,0,12,13,0.8076923076923077,105,44b6,0.9830508474576272,29826,3,44b6_706092f0,-0.5732925119459784,tail_base
0.956113205822536,1,0,0,6,6,0.9172413793103448,133,44b6,1.0,8695,9,44b6_74d0c52e,-0.42379058979456596,tail_base
0.9436457367355691,1,0,0,19,27,0.9138576779026217,488,44b6,1.0,45065,62,44b6_7a302da0,-0.32595949624577464,tail_base
0.9536033965967834,0,0,1,7,2,0.9762532981530343,370,44b6,0.9868421052631579,9330,10,44b6_996155de,0.23200845107619172,tail_base
0.9551353725500896,1,1,0,9,13,0.9055793991416309,211,44b6,0.9954954954954955,26205,18,44b6_9be80b04,-0.5472294693919865,tail_base
0.9306313144509477,1,0,1,9,13,0.9264214046822743,277,44b6,0.9966216216216216,21993,37,44b6_a21120c2,-0.04544270833333333,tail_base
1.0148809395671816,1,0,0,3,0,0.9854368932038835,203,44b6,0.9904306220095693,15496,12,44b6_aaf8b0ea,-0.2987918005339608,tail_base
0.8221689373118916,2,2,0,31,39,0.8076923076923077,294,44b6,0.987987987987988,38640,50,44b6_c50204e0,-0.17923446195675263,tail_base
0.855606377557862,1,0,0,12,16,0.8444444444444444,152,44b6,0.9821428571428571,28763,28,44b6_c8e2a523,-0.1321807868694183,tail_base
0.9925530138055746,2,0,0,6,6,0.9581881533101045,275,44b6,1.0,15440,15,44b6_d2f34f90,-0.3586441804436321,tail_base
0.867678300903572,2,1,0,57,73,0.865424430641822,836,44b6,0.9922737306843267,43680,68,44b6_d5e7d891,-0.026043524794862646,tail_base
0.8969235700680559,1,0,0,4,3,0.9041095890410958,66,44b6,0.9861111111111112,5582,11,44b6_d754aa59,0.07948172500483465,tail_base
0.9192918061993764,0,2,1,3,6,0.9307692307692308,121,44b6,0.9920634920634921,15714,27,44b6_deabac95,0.12331117306455072,tail_base
0.982583572675746,2,0,0,17,7,0.9240506329113924,292,44b6,0.9678456591639871,27377,5,44b6_e28840c6,-0.6334386632032777,tail_base
0.9851842557125876,0,0,1,10,6,0.9823008849557522,888,6bba,0.9935483870967742,5853,4,6bba_062c8d37,-0.02935323383084577,tail_base
0.8127873953959807,2,0,0,39,18,0.8429752066115702,306,6bba,0.9220055710306406,29179,6,6bba_07e24132,0.35811030951826855,tail_base
0.9967835534683405,1,0,0,5,1,0.9948674080410608,1163,6bba,0.996661101836394,8300,4,6bba_085bf656,-0.01926030958289023,tail_base
0.8966766387318361,4,0,0,90,124,0.8927318295739348,1781,6bba,0.9943589743589744,29742,25,6bba_09961292,-0.044188064402095314,tail_base
0.7699115044247787,1,0,0,24,28,0.7699115044247787,174,6bba,0.9569377990430622,22467,53,6bba_0e7c0d07,0.0,tail_base
0.9154146690088446,3,1,0,56,34,0.9127906976744186,942,6bba,0.9739382239382239,8075,6,6bba_12665c0e,-0.028746692326196775,tail_base
0.8646852907577448,1,0,0,104,98,0.8619275461380724,1261,6bba,0.9728789986091794,17336,10,6bba_1d0d8384,-0.03199508626947345,tail_base
0.63897495553741,1,3,0,95,79,0.6710775047258979,355,6bba,0.8968421052631579,17739,35,6bba_207c6aaf,0.4783731977664805,tail_base
0.8771828189612384,3,3,0,73,42,0.879074658254469,836,6bba,0.9474789915966386,9968,14,6bba_20852818,0.021520803443328552,tail_base
0.9841982235924539,1,1,1,6,8,0.987719298245614,1126,6bba,1.0,12376,7,6bba_2312ac41,0.035648535564853555,tail_base
0.9151847132726894,1,0,0,38,20,0.9077901430842608,571,6bba,0.9672386895475819,4691,7,6bba_268e1230,-0.08145682396710398,tail_base
0.9631643662622973,1,0,0,27,18,0.953464322647363,922,6bba,0.9959432048681541,4971,3,6bba_2819ca14,-0.10173473075533068,tail_base
0.6986568147970266,1,4,0,132,146,0.709508881922675,679,6bba,0.9419953596287703,44625,67,6bba_32db13fc,0.15295181501098049,tail_base
0.9347108118446094,1,2,1,34,53,0.9312796208530806,1179,6bba,1.0,29357,63,6bba_337b1b3a,-0.03684383202099738,tail_base
0.7930691241880469,0,1,1,92,123,0.7967863894139886,843,6bba,0.9759277833500501,54494,51,6bba_3abfe10a,0.04665322193412081,tail_base
0.9840582777449121,1,0,1,6,6,0.9840425531914894,740,6bba,0.9986928104575163,6257,5,6bba_3c5691b6,-0.00015979546180888463,tail_base
0.7758623323041657,1,0,0,54,67,0.7763401109057301,420,6bba,0.9721115537848606,23379,35,6bba_3db54e20,0.006154243415389912,tail_base
0.9963643768680793,0,0,1,14,8,0.9814658803706824,1165,6bba,0.9942004971002486,8348,8,6bba_3fda6b25,-0.1517984149563097,tail_base
0.7492063291572614,1,0,0,48,33,0.7460815047021944,238,6bba,0.9006849315068494,27108,12,6bba_474be664,-0.04188315130951119,tail_base
0.9294749154686563,5,0,0,35,27,0.9343915343915344,883,6bba,0.9871657754010695,25226,33,6bba_48816121,0.052618401836010846,tail_base
0.9427546275046103,1,0,0,28,35,0.9220297029702971,745,44b6,0.9923857868020305,45484,24,44b6_12dfb391,-0.22477502045268613,minlen5
0.8011887088342917,1,0,0,24,33,0.8161290322580645,253,44b6,0.9892857142857143,22632,29,44b6_267148e4,0.18306325143753266,minlen5
0.892962504075947,1,1,0,11,19,0.868995633187773,199,44b6,1.0,40821,40,44b6_2a2eff9f,-0.27579967001969236,minlen5
0.9759524336539426,0,0,1,2,0,0.9904306220095693,207,44b6,0.9907407407407407,8523,11,44b6_341df25f,0.1461807423345885,minlen5
0.8968770264895861,0,2,1,16,23,0.9010152284263959,355,44b6,0.9921259842519685,18970,45,44b6_587a1e22,0.04592821304515631,minlen5
0.9009425552244734,0,0,1,16,19,0.8801369863013698,257,44b6,0.9892086330935251,22541,16,44b6_5f15d135,-0.23639012161658593,minlen5
0.8530896118960155,1,0,0,12,13,0.8076923076923077,105,44b6,0.9830508474576272,30611,3,44b6_706092f0,-0.5620618615697158,minlen5
0.9548671191243345,1,0,0,6,6,0.9172413793103448,133,44b6,1.0,8900,9,44b6_74d0c52e,-0.41020543406229293,minlen5
0.9423130447077561,1,0,0,19,27,0.9138576779026217,488,44b6,1.0,46040,62,44b6_7a302da0,-0.3113763498758563,minlen5
0.9523142730022329,0,0,1,7,2,0.9762532981530343,370,44b6,0.9868421052631579,9430,10,44b6_996155de,0.24521325762577578,minlen5
0.9844212954332373,1,1,0,7,8,0.9342105263157895,213,44b6,0.9954954954954955,26770,18,44b6_9be80b04,-0.537467387736061,minlen5
0.9301890125650316,1,0,1,9,13,0.9264214046822743,277,44b6,0.9966216216216216,22103,37,44b6_a21120c2,-0.04066840277777778,minlen5
1.0136323657398723,1,0,0,3,0,0.9854368932038835,203,44b6,0.9904306220095693,15776,12,44b6_aaf8b0ea,-0.2861215439612652,minlen5
0.8209165149816834,2,2,0,31,39,0.8076923076923077,294,44b6,0.987987987987988,39370,50,44b6_c50204e0,-0.1637282807256043,minlen5
0.8551987287794673,1,0,0,12,16,0.8444444444444444,152,44b6,0.9821428571428571,28923,28,44b6_c8e2a523,-0.12735336712527154,minlen5
0.9914186629553071,2,0,0,6,6,0.9581881533101045,275,44b6,1.0,15725,15,44b6_d2f34f90,-0.346805682479023,minlen5
0.8662889288244111,2,1,0,57,73,0.865424430641822,836,44b6,0.9922737306843267,44400,68,44b6_d5e7d891,-0.009989297181591153,minlen5
0.8957870950479889,1,0,0,4,3,0.9041095890410958,66,44b6,0.9861111111111112,5647,11,44b6_d754aa59,0.09205182749951653,minlen5
0.9185266445613861,0,2,1,3,6,0.9307692307692308,121,44b6,0.9920634920634921,15829,27,44b6_deabac95,0.13153191793552077,minlen5
0.981748430644823,2,0,0,17,7,0.9240506329113924,292,44b6,0.9678456591639871,28052,5,44b6_e28840c6,-0.6244008247864392,minlen5
0.9841253907453882,0,0,1,10,6,0.9823008849557522,888,6bba,0.9935483870967742,5918,4,6bba_062c8d37,-0.01857379767827529,minlen5
0.8110021791101614,2,0,0,39,18,0.8429752066115702,306,6bba,0.9220055710306406,29634,6,6bba_07e24132,0.37928787526181057,minlen5
0.9957255590606401,1,0,0,5,1,0.9948674080410608,1163,6bba,0.996661101836394,8390,4,6bba_085bf656,-0.008625782819331207,minlen5
0.8976021486060521,4,0,0,88,123,0.8941825476429288,1783,6bba,0.9953846153846154,29927,25,6bba_09961292,-0.038242761191631586,minlen5
0.7687121051879039,1,0,0,24,28,0.7699115044247787,174,6bba,0.9569377990430622,22817,53,6bba_0e7c0d07,0.015578403881248053,minlen5
0.914646141839766,3,1,0,56,34,0.9127906976744186,942,6bba,0.9739382239382239,8145,6,6bba_12665c0e,-0.02032715900890065,minlen5
0.865584608326129,1,0,0,101,98,0.8639781271360218,1264,6bba,0.9756606397774688,17576,10,6bba_1d0d8384,-0.01859400301524373,minlen5
0.641610857508566,1,3,0,92,80,0.6754716981132075,358,6bba,0.9052631578947369,18014,35,6bba_207c6aaf,0.5012917743145262,minlen5
0.8759215927657514,3,3,0,73,42,0.879074658254469,836,6bba,0.9474789915966386,10108,14,6bba_20852818,0.035868005738880916,minlen5
0.9831650444101886,1,1,1,6,8,0.987719298245614,1126,6bba,1.0,12501,7,6bba_2312ac41,0.04610878661087866,minlen5
0.9136738034986115,1,0,0,38,20,0.9077901430842608,571,6bba,0.9672386895475819,4776,7,6bba_268e1230,-0.06481300176228706,minlen5
0.9626474900483577,1,0,0,27,18,0.953464322647363,922,6bba,0.9959432048681541,5001,3,6bba_2819ca14,-0.0963136971449223,minlen5
0.6983209533651984,1,4,0,129,149,0.7104166666666667,682,6bba,0.9489559164733179,45295,67,6bba_32db13fc,0.17026224002066917,minlen5
0.9342219511512484,1,2,1,34,53,0.9312796208530806,1179,6bba,1.0,29517,63,6bba_337b1b3a,-0.03159448818897638,minlen5
0.7920590809401582,0,1,1,92,123,0.7967863894139886,843,6bba,0.9759277833500501,55154,51,6bba_3abfe10a,0.05932968404878517,minlen5
0.9835079183751182,1,0,1,6,6,0.9840425531914894,740,6bba,0.9986928104575163,6292,5,6bba_3c5691b6,0.005433045701502077,minlen5
0.7732802960668615,1,0,0,54,68,0.7749077490774908,420,6bba,0.9741035856573705,23724,35,6bba_3db54e20,0.02100189361335858,minlen5
0.9950181271845796,0,0,1,14,8,0.9814658803706824,1165,6bba,0.9942004971002486,8483,8,6bba_3fda6b25,-0.13808169071326967,minlen5
0.7657714522360021,1,0,0,43,32,0.7641509433962265,243,6bba,0.9212328767123288,27693,12,6bba_474be664,-0.02120665889089174,minlen5
0.9291240069015994,5,0,0,35,27,0.9343915343915344,883,6bba,0.9871657754010695,25316,33,6bba_48816121,0.05637387857291884,minlen5
0.9442302647610344,1,0,0,28,35,0.9220297029702971,745,44b6,0.9923857868020305,44545,24,44b6_12dfb391,-0.2407792473411508,minlen7
0.8028068886158275,1,0,0,26,31,0.814935064935065,251,44b6,0.9785714285714285,21977,29,44b6_267148e4,0.14882383690538423,minlen7
0.8951902236458307,1,1,0,11,19,0.868995633187773,199,44b6,1.0,39376,40,44b6_2a2eff9f,-0.30143523692940905,minlen7
0.9780568989347053,0,0,1,2,0,0.9904306220095693,207,44b6,0.9907407407407407,8365,11,44b6_341df25f,0.12493275954814416,minlen7
0.8982928578845331,0,2,1,16,23,0.9010152284263959,355,44b6,0.9921259842519685,18685,45,44b6_587a1e22,0.030214478689970778,minlen7
0.9037214016326609,0,0,1,16,19,0.8801369863013698,257,44b6,0.9892086330935251,21609,16,44b6_5f15d135,-0.2679630068769267,minlen7
0.8546830876640027,1,0,0,12,13,0.8076923076923077,105,44b6,0.9830508474576272,29232,3,44b6_706092f0,-0.5817906091733669,minlen7
0.9570249765773176,1,0,0,6,6,0.9172413793103448,133,44b6,1.0,8545,9,44b6_74d0c52e,-0.43373094764744863,minlen7
0.9446708844492712,1,0,0,19,27,0.9138576779026217,488,44b6,1.0,44315,62,44b6_7a302da0,-0.3371773011457118,minlen7
0.9546862604162057,0,0,1,7,2,0.9762532981530343,370,44b6,0.9868421052631579,9246,10,44b6_996155de,0.22091641357454114,minlen7
1.004136404009663,1,1,0,5,6,0.9513274336283186,215,44b6,0.9954954954954955,25749,18,44b6_9be80b04,-0.5551082467992466,minlen7
0.9309931978121516,1,0,1,9,13,0.9264214046822743,277,44b6,0.9966216216216216,21903,37,44b6_a21120c2,-0.04934895833333333,minlen7
1.0156568390170095,1,0,0,3,0,0.9854368932038835,203,44b6,0.9904306220095693,15322,12,44b6_aaf8b0ea,-0.3066654599755645,minlen7
0.8234144970539891,2,2,0,31,39,0.8076923076923077,294,44b6,0.987987987987988,37914,50,44b6_c50204e0,-0.1946556778112919,minlen7
0.8562789980422132,1,0,0,12,16,0.8444444444444444,152,44b6,0.9821428571428571,28499,28,44b6_c8e2a523,-0.14014602944726043,minlen7
0.9938425916142996,2,0,0,6,6,0.9581881533101045,275,44b6,1.0,15116,15,44b6_d2f34f90,-0.372102683392872,minlen7
0.8688245328688797,2,1,0,57,73,0.865424430641822,836,44b6,0.9922737306843267,43086,68,44b6_d5e7d891,-0.03928826257581163,minlen7
0.8979726239327334,1,0,0,4,3,0.9041095890410958,66,44b6,0.9861111111111112,5522,11,44b6_d754aa59,0.06787855347128215,minlen7
0.9200103927811412,0,2,1,3,6,0.9307692307692308,121,44b6,0.9920634920634921,15606,27,44b6_deabac95,0.11559082135963972,minlen7
0.986700924579768,2,0,0,16,7,0.9272151898734177,293,44b6,0.9678456591639871,26771,5,44b6_e28840c6,-0.6415526336930616,minlen7
0.9858684453837009,0,0,1,10,6,0.9823008849557522,888,6bba,0.9935483870967742,5811,4,6bba_062c8d37,-0.03631840796019901,minlen7
0.8146942418023722,2,0,0,39,18,0.8429752066115702,306,6bba,0.9220055710306406,28693,6,6bba_07e24132,0.33548987665813357,minlen7
0.9976299489945011,1,0,0,5,1,0.9948674080410608,1163,6bba,0.996661101836394,8228,4,6bba_085bf656,-0.027767930993737446,minlen7
0.89404831612642,4,0,0,96,125,0.8892785571142284,1775,6bba,0.9902564102564102,29448,25,6bba_09961292,-0.05363627599061606,minlen7
0.7712274167303785,1,0,0,24,28,0.7699115044247787,174,6bba,0.9569377990430622,22083,53,6bba_0e7c0d07,-0.017091734543997865,minlen7
0.9121283587224686,3,1,0,61,34,0.9079457364341085,937,6bba,0.9681467181467182,7931,6,6bba_12665c0e,-0.04606687515034881,minlen7
0.8656671055961621,1,0,0,104,98,0.8619275461380724,1261,6bba,0.9728789986091794,17132,10,6bba_1d0d8384,-0.04338600703556871,minlen7
0.6377831928751811,1,3,0,98,77,0.6679316888045541,352,6bba,0.8863157894736842,17415,35,6bba_207c6aaf,0.4513709475789649,minlen7
0.8674545451018756,3,3,0,84,42,0.8675078864353313,825,6bba,0.9327731092436975,9764,14,6bba_20852818,0.0006148800983808157,minlen7
0.9848925200029361,1,1,1,6,8,0.987719298245614,1126,6bba,1.0,12292,7,6bba_2312ac41,0.028619246861924685,minlen7
0.9105740025147067,1,0,0,42,20,0.9014308426073132,567,6bba,0.9594383775351014,4589,7,6bba_268e1230,-0.10142941061288428,minlen7
0.9612668923780007,1,0,0,30,18,0.9503619441571872,919,6bba,0.9918864097363083,4899,3,6bba_2819ca14,-0.1147452114203108,minlen7
0.6838846917384563,1,4,0,147,147,0.6931106471816284,664,6bba,0.9222737819025522,43857,67,6bba_32db13fc,0.1331094173879344,minlen7
0.9352241155726388,1,2,1,34,53,0.9312796208530806,1179,6bba,1.0,29189,63,6bba_337b1b3a,-0.042355643044619425,minlen7
0.7891823943598629,0,1,1,98,122,0.7918637653736992,837,6bba,0.9679037111334002,53828,51,6bba_3abfe10a,0.033861519254777685,minlen7
0.9852847929118813,1,0,1,6,6,0.9840425531914894,740,6bba,0.9986928104575163,6179,5,6bba_3c5691b6,-0.012623841482901885,minlen7
0.774717043893568,1,0,0,57,65,0.7736549165120594,417,6bba,0.9621513944223108,22917,35,6bba_3db54e20,-0.013728696849715958,minlen7
0.997800376530479,0,0,1,14,8,0.9814658803706824,1165,6bba,0.9942004971002486,8204,8,6bba_3fda6b25,-0.16642958748221906,minlen7
0.7501872867077127,1,0,0,48,33,0.7460815047021944,238,6bba,0.9006849315068494,26736,12,6bba_474be664,-0.055031279821864065,minlen7
0.9298258240357136,5,0,0,35,27,0.9343915343915344,883,6bba,0.9871657754010695,25136,33,6bba_48816121,0.04886292509910286,minlen7
0.9449892986213675,1,0,0,28,35,0.9220297029702971,745,44b6,0.9923857868020305,44062,24,44b6_12dfb391,-0.24901145350422688,minlen8
0.8041189638902656,1,0,0,26,31,0.814935064935065,251,44b6,0.9785714285714285,21669,29,44b6_267148e4,0.132723470987977,minlen8
0.8962801874769087,1,1,0,11,19,0.868995633187773,199,44b6,1.0,38669,40,44b6_2a2eff9f,-0.31397803679457836,minlen8
0.9785230779525957,0,0,1,2,0,0.9904306220095693,207,44b6,0.9907407407407407,8330,11,44b6_341df25f,0.12022592791823561,minlen8
0.898953579202175,0,2,1,16,23,0.9010152284263959,355,44b6,0.9921259842519685,18552,45,44b6_587a1e22,0.022881402657550863,minlen8
0.9049945426372704,0,0,1,16,19,0.8801369863013698,257,44b6,0.9892086330935251,21182,16,44b6_5f15d135,-0.28242826654019443,minlen8
0.855516224740666,1,0,0,12,13,0.8076923076923077,105,44b6,0.9830508474576272,28511,3,44b6_706092f0,-0.5921056396463418,minlen8
0.9580036105207833,1,0,0,6,6,0.9172413793103448,133,44b6,1.0,8384,9,44b6_74d0c52e,-0.4444002650762094,minlen8
0.9458955942512405,1,0,0,19,27,0.9138576779026217,488,44b6,1.0,43419,62,44b6_7a302da0,-0.35057883873283674,minlen8
0.9555886469323911,0,0,1,7,2,0.9762532981530343,370,44b6,0.9868421052631579,9176,10,44b6_996155de,0.2116730489898323,minlen8
1.0049418197058426,1,1,0,5,6,0.9513274336283186,215,44b6,0.9954954954954955,25259,18,44b6_9be80b04,-0.5635744769079254,minlen8
0.9314998345178372,1,0,1,9,13,0.9264214046822743,277,44b6,0.9966216216216216,21777,37,44b6_a21120c2,-0.05481770833333333,minlen8
1.016780555461588,1,0,0,3,0,0.9854368932038835,203,44b6,0.9904306220095693,15070,12,44b6_aaf8b0ea,-0.31806869089099055,minlen8
0.7885405193318683,2,2,0,40,44,0.7723577235772358,285,44b6,0.963963963963964,37214,50,44b6_c50204e0,-0.20952461871787248,minlen8
0.8568318716979109,1,0,0,12,16,0.8444444444444444,152,44b6,0.9821428571428571,28282,28,44b6_c8e2a523,-0.14669321747525949,minlen8
0.9952077928130424,2,0,0,6,6,0.9581881533101045,275,44b6,1.0,14773,15,44b6_d2f34f90,-0.3863504195397524,minlen8
0.8584505238728641,2,1,0,63,79,0.8539094650205762,830,44b6,0.9867549668874173,42463,68,44b6_d5e7d891,-0.05317962896896183,minlen8
0.8990741304906446,1,0,0,4,3,0.9041095890410958,66,44b6,0.9861111111111112,5459,11,44b6_d754aa59,0.055695223361052024,minlen8
0.9207555936807492,0,2,1,3,6,0.9307692307692308,121,44b6,0.9920634920634921,15494,27,44b6_deabac95,0.10758453070269497,minlen8
0.9876221061544755,2,0,0,16,7,0.9272151898734177,293,44b6,0.9678456591639871,26029,5,44b6_e28840c6,-0.6514875612564603,minlen8
0.9876929511733369,0,0,1,10,6,0.9823008849557522,888,6bba,0.9935483870967742,5699,4,6bba_062c8d37,-0.054892205638474294,minlen8
0.8166991770156768,2,0,0,39,18,0.8429752066115702,306,6bba,0.9220055710306406,28182,6,6bba_07e24132,0.3117058412846172,minlen8
0.9968179506687744,1,0,0,7,1,0.9931565440547476,1161,6bba,0.9941569282136895,8151,4,6bba_085bf656,-0.03686635944700461,minlen8
0.8935840710494946,4,0,0,99,124,0.8882205513784461,1772,6bba,0.9882051282051282,29238,25,6bba_09961292,-0.060384998553845166,minlen8
0.7728825876772658,1,0,0,24,28,0.7699115044247787,174,6bba,0.9569377990430622,21600,53,6bba_0e7c0d07,-0.038589931900120174,minlen8
0.9101199360596118,3,1,0,66,33,0.903976721629486,932,6bba,0.9613899613899614,7749,6,6bba_12665c0e,-0.06795766177531874,minlen8
0.8624504820514886,1,0,0,109,99,0.8579234972677595,1256,6bba,0.9694019471488178,16964,10,6bba_1d0d8384,-0.05276676531352951,minlen8
0.6393418300354885,1,3,0,98,77,0.6679316888045541,352,6bba,0.8863157894736842,17135,35,6bba_207c6aaf,0.4280356696391366,minlen8
0.8679523975474626,3,3,0,84,42,0.8675078864353313,825,6bba,0.9327731092436975,9708,14,6bba_20852818,-0.005124000819840131,minlen8
0.9854711003450047,1,1,1,6,8,0.987719298245614,1126,6bba,1.0,12222,7,6bba_2312ac41,0.022761506276150627,minlen8
0.9142133852254909,1,0,0,41,20,0.9030206677265501,568,6bba,0.9625585023400937,4474,7,6bba_268e1230,-0.12394752300763658,minlen8
0.9407190820756822,1,0,0,52,18,0.9276111685625646,897,6bba,0.9655172413793104,4752,3,6bba_2819ca14,-0.1413082761113119,minlen8
0.6753845273792549,1,4,0,160,142,0.683105981112277,651,6bba,0.9013921113689095,43080,67,6bba_32db13fc,0.11303449166774318,minlen8
0.9360368464753518,1,2,1,34,53,0.9312796208530806,1179,6bba,1.0,28923,63,6bba_337b1b3a,-0.05108267716535433,minlen8
0.7902683268067597,0,1,1,98,122,0.7918637653736992,837,6bba,0.9679037111334002,53114,51,6bba_3abfe10a,0.020147892058004418,minlen8
0.9786061500853376,1,0,1,12,6,0.976063829787234,734,6bba,0.9895424836601308,6095,5,6bba_3c5691b6,-0.026046660274848196,minlen8
0.758366256516356,1,0,0,65,67,0.756007393715342,409,6bba,0.9442231075697212,22511,35,6bba_3db54e20,-0.03120158374935445,minlen8
0.9982890153044899,0,0,1,14,8,0.9814658803706824,1165,6bba,0.9942004971002486,8155,8,6bba_3fda6b25,-0.17140825035561877,minlen8
0.7530432057243261,1,0,0,49,31,0.7476340694006309,237,6bba,0.8938356164383562,26246,12,6bba_474be664,-0.07235005124942566,minlen8
0.9242553301177734,5,0,0,39,29,0.928194297782471,879,6bba,0.9828877005347594,24982,33,6bba_48816121,0.0424368871270603,minlen8
0.941943734187981,1,0,0,28,35,0.9220297029702971,745,44b6,0.9923857868020305,46000,24,44b6_12dfb391,-0.21598036542132534,minlen4
0.7999600357486131,1,0,0,24,33,0.8161290322580645,253,44b6,0.9892857142857143,22920,29,44b6_267148e4,0.19811813904861475,minlen4
0.892006665921395,1,1,0,11,19,0.868995633187773,199,44b6,1.0,41441,40,44b6_2a2eff9f,-0.26480032643213225,minlen4
0.9754112554112555,0,0,1,1,1,0.9904761904761905,208,44b6,1.0,8567,11,44b6_341df25f,0.1520979020979021,minlen4
0.9132063793661632,0,2,1,13,19,0.9179487179487179,358,44b6,0.9973753280839895,19074,45,44b6_587a1e22,0.051662347687048575,minlen4
0.8990462608944227,0,0,1,16,19,0.8801369863013698,257,44b6,0.9892086330935251,23177,16,44b6_5f15d135,-0.21484467631017312,minlen4
0.8522761188280946,1,0,0,12,13,0.8076923076923077,105,44b6,0.9830508474576272,31315,3,44b6_706092f0,-0.5519900426335518,minlen4
0.9536514247846256,1,0,0,6,6,0.9172413793103448,133,44b6,1.0,9100,9,44b6_74d0c52e,-0.39695162359178265,minlen4
0.9412359561765598,1,0,0,19,27,0.9138576779026217,488,44b6,1.0,46828,62,44b6_7a302da0,-0.2995901761943223,minlen4
0.9514892339017207,0,0,1,7,2,0.9762532981530343,370,44b6,0.9868421052631579,9494,10,44b6_996155de,0.2536643338175096,minlen4
0.9833107733914845,1,1,0,7,8,0.9342105263157895,213,44b6,0.9954954954954955,27458,18,44b6_9be80b04,-0.5255801095426508,minlen4
0.9234651422342193,1,0,1,9,15,0.920265780730897,277,44b6,1.0,22239,37,44b6_a21120c2,-0.034765625,minlen4
1.0128118743676404,1,0,0,3,0,0.9854368932038835,203,44b6,0.9904306220095693,15960,12,44b6_aaf8b0ea,-0.27779537535635096,minlen4
0.8194753714784303,2,2,0,31,39,0.8076923076923077,294,44b6,0.987987987987988,40210,50,44b6_c50204e0,-0.14588555163770764,minlen4
0.8548726097567517,1,0,0,12,16,0.8444444444444444,152,44b6,0.9821428571428571,29051,28,44b6_c8e2a523,-0.12349143132995415,minlen4
0.9899857987233903,2,0,0,6,6,0.9581881533101045,275,44b6,1.0,16085,15,44b6_d2f34f90,-0.33185179031320095,minlen4
0.8692170732898806,2,1,0,55,71,0.8692946058091287,838,44b6,0.9933774834437086,44888,68,44b6_d5e7d891,0.0008919015340706386,minlen4
0.8948779150319353,1,0,0,4,3,0.9041095890410958,66,44b6,0.9861111111111112,5699,11,44b6_d754aa59,0.10210790949526204,minlen4
0.9180475868402096,0,2,1,3,6,0.9307692307692308,121,44b6,0.9920634920634921,15901,27,44b6_deabac95,0.1366788190721281,minlen4
0.9807239897535573,2,0,0,17,7,0.9240506329113924,292,44b6,0.9678456591639871,28880,5,44b6_e28840c6,-0.613314409661784,minlen4
0.9833434596926869,0,0,1,10,6,0.9823008849557522,888,6bba,0.9935483870967742,5966,4,6bba_062c8d37,-0.010613598673300166,minlen4
0.8094327581995511,2,0,0,39,18,0.8429752066115702,306,6bba,0.9220055710306406,30034,6,6bba_07e24132,0.3979055154759134,minlen4
0.9944046937347186,1,0,0,5,2,0.994017094017094,1163,6bba,0.9974958263772955,8430,4,6bba_085bf656,-0.0038993264799716413,minlen4
0.8960404933018989,4,0,0,89,124,0.8932330827067669,1782,6bba,0.9953846153846154,30139,25,6bba_09961292,-0.03142976508018125,minlen4
0.767711463538854,1,0,0,24,28,0.7699115044247787,174,6bba,0.9569377990430622,23109,53,6bba_0e7c0d07,0.02857524369074643,minlen4
0.9169422478755364,3,1,0,53,34,0.9156976744186046,945,6bba,0.9777992277992278,8201,6,6bba_12665c0e,-0.013591532355063747,minlen4
0.8655780450780237,1,0,0,101,97,0.8645690834473324,1264,6bba,0.9763560500695411,17700,10,6bba_1d0d8384,-0.011670110000558379,minlen4
0.6457840511866555,1,3,0,89,80,0.6811320754716981,361,6bba,0.9136842105263158,18226,35,6bba_207c6aaf,0.5189599133261105,minlen4
0.8793063705148325,3,3,0,67,44,0.8835257082896117,842,6bba,0.9569327731092437,10224,14,6bba_20852818,0.047755687640910024,minlen4
0.9825699332012038,1,1,1,6,8,0.987719298245614,1126,6bba,1.0,12573,7,6bba_2312ac41,0.05213389121338912,minlen4
0.9138997784455577,1,0,0,35,20,0.9125596184419714,574,6bba,0.9734789391575663,5032,7,6bba_268e1230,-0.014685725474838457,minlen4
0.961751571277529,1,0,0,27,18,0.953464322647363,922,6bba,0.9959432048681541,5053,3,6bba_2819ca14,-0.0869172388868811,minlen4
0.6972930930542997,1,4,0,129,149,0.7104166666666667,682,6bba,0.9489559164733179,45855,67,6bba_32db13fc,0.1847306549541403,minlen4
0.9337575334925552,1,2,1,34,53,0.9312796208530806,1179,6bba,1.0,29669,63,6bba_337b1b3a,-0.02660761154855643,minlen4
0.7908721710268645,0,1,1,91,124,0.7969782813975449,844,6bba,0.9779338014042126,56054,51,6bba_3abfe10a,0.07661576875060021,minlen4
0.9827531398108293,1,0,1,6,6,0.9840425531914894,740,6bba,0.9986928104575163,6340,5,6bba_3c5691b6,0.01310322786832854,minlen4
0.7742522895189359,1,0,0,53,68,0.7767527675276753,421,6bba,0.9780876494023905,23984,35,6bba_3db54e20,0.0321914270958857,minlen4
0.9943400162328908,0,0,1,14,8,0.9814658803706824,1165,6bba,0.9942004971002486,8551,8,6bba_3fda6b25,-0.131172525909368,minlen4
0.7383530498535388,1,0,0,47,38,0.7376543209876543,239,6bba,0.9212328767123288,28025,12,6bba_474be664,-0.009472307637931644,minlen4
0.9285846828245384,5,0,0,34,28,0.9344608879492601,884,6bba,0.9893048128342246,25472,33,6bba_48816121,0.06288337158355936,minlen4
0.9435796643093203,1,0,0,28,35,0.9220297029702971,745,44b6,0.9923857868020305,44959,24,44b6_12dfb391,-0.23372307062994274,no_rescue
0.8027032190614303,1,0,0,24,33,0.8161290322580645,253,44b6,0.9892857142857143,22277,29,44b6_267148e4,0.16450601150026137,no_rescue
0.8940339678137111,1,1,0,11,19,0.868995633187773,199,44b6,1.0,40126,40,44b6_2a2eff9f,-0.28812957936381217,no_rescue
0.9774175677101697,0,0,1,2,0,0.9904306220095693,207,44b6,0.9907407407407407,8413,11,44b6_341df25f,0.13138784292630445,no_rescue
0.8976967183498187,0,2,1,16,23,0.9010152284263959,355,44b6,0.9921259842519685,18805,45,44b6_587a1e22,0.03683078789215416,no_rescue
0.9025228004995157,0,0,1,16,19,0.8801369863013698,257,44b6,0.9892086330935251,22011,16,44b6_5f15d135,-0.25434465937192996,no_rescue
0.8539967028879444,1,0,0,12,13,0.8076923076923077,105,44b6,0.9830508474576272,29826,3,44b6_706092f0,-0.5732925119459784,no_rescue
0.956113205822536,1,0,0,6,6,0.9172413793103448,133,44b6,1.0,8695,9,44b6_74d0c52e,-0.42379058979456596,no_rescue
0.9436457367355691,1,0,0,19,27,0.9138576779026217,488,44b6,1.0,45065,62,44b6_7a302da0,-0.32595949624577464,no_rescue
0.9536033965967834,0,0,1,7,2,0.9762532981530343,370,44b6,0.9868421052631579,9330,10,44b6_996155de,0.23200845107619172,no_rescue
0.9551353725500896,1,1,0,9,13,0.9055793991416309,211,44b6,0.9954954954954955,26205,18,44b6_9be80b04,-0.5472294693919865,no_rescue
0.9306313144509477,1,0,1,9,13,0.9264214046822743,277,44b6,0.9966216216216216,21993,37,44b6_a21120c2,-0.04544270833333333,no_rescue
1.0148809395671816,1,0,0,3,0,0.9854368932038835,203,44b6,0.9904306220095693,15496,12,44b6_aaf8b0ea,-0.2987918005339608,no_rescue
0.8221689373118916,2,2,0,31,39,0.8076923076923077,294,44b6,0.987987987987988,38640,50,44b6_c50204e0,-0.17923446195675263,no_rescue
0.855606377557862,1,0,0,12,16,0.8444444444444444,152,44b6,0.9821428571428571,28763,28,44b6_c8e2a523,-0.1321807868694183,no_rescue
0.9925530138055746,2,0,0,6,6,0.9581881533101045,275,44b6,1.0,15440,15,44b6_d2f34f90,-0.3586441804436321,no_rescue
0.867678300903572,2,1,0,57,73,0.865424430641822,836,44b6,0.9922737306843267,43680,68,44b6_d5e7d891,-0.026043524794862646,no_rescue
0.8969235700680559,1,0,0,4,3,0.9041095890410958,66,44b6,0.9861111111111112,5582,11,44b6_d754aa59,0.07948172500483465,no_rescue
0.9192918061993764,0,2,1,3,6,0.9307692307692308,121,44b6,0.9920634920634921,15714,27,44b6_deabac95,0.12331117306455072,no_rescue
0.982583572675746,2,0,0,17,7,0.9240506329113924,292,44b6,0.9678456591639871,27377,5,44b6_e28840c6,-0.6334386632032777,no_rescue
0.9851842557125876,0,0,1,10,6,0.9823008849557522,888,6bba,0.9935483870967742,5853,4,6bba_062c8d37,-0.02935323383084577,no_rescue
0.8127873953959807,2,0,0,39,18,0.8429752066115702,306,6bba,0.9220055710306406,29179,6,6bba_07e24132,0.35811030951826855,no_rescue
0.9967835534683405,1,0,0,5,1,0.9948674080410608,1163,6bba,0.996661101836394,8300,4,6bba_085bf656,-0.01926030958289023,no_rescue
0.8966766387318361,4,0,0,90,124,0.8927318295739348,1781,6bba,0.9943589743589744,29742,25,6bba_09961292,-0.044188064402095314,no_rescue
0.7699115044247787,1,0,0,24,28,0.7699115044247787,174,6bba,0.9569377990430622,22467,53,6bba_0e7c0d07,0.0,no_rescue
0.9154146690088446,3,1,0,56,34,0.9127906976744186,942,6bba,0.9739382239382239,8075,6,6bba_12665c0e,-0.028746692326196775,no_rescue
0.8646852907577448,1,0,0,104,98,0.8619275461380724,1261,6bba,0.9728789986091794,17336,10,6bba_1d0d8384,-0.03199508626947345,no_rescue
0.63897495553741,1,3,0,95,79,0.6710775047258979,355,6bba,0.8968421052631579,17739,35,6bba_207c6aaf,0.4783731977664805,no_rescue
0.8771828189612384,3,3,0,73,42,0.879074658254469,836,6bba,0.9474789915966386,9968,14,6bba_20852818,0.021520803443328552,no_rescue
0.9841982235924539,1,1,1,6,8,0.987719298245614,1126,6bba,1.0,12376,7,6bba_2312ac41,0.035648535564853555,no_rescue
0.9151847132726894,1,0,0,38,20,0.9077901430842608,571,6bba,0.9672386895475819,4691,7,6bba_268e1230,-0.08145682396710398,no_rescue
0.9631643662622973,1,0,0,27,18,0.953464322647363,922,6bba,0.9959432048681541,4971,3,6bba_2819ca14,-0.10173473075533068,no_rescue
0.6986568147970266,1,4,0,132,146,0.709508881922675,679,6bba,0.9419953596287703,44625,67,6bba_32db13fc,0.15295181501098049,no_rescue
0.9347108118446094,1,2,1,34,53,0.9312796208530806,1179,6bba,1.0,29357,63,6bba_337b1b3a,-0.03684383202099738,no_rescue
0.7930691241880469,0,1,1,92,123,0.7967863894139886,843,6bba,0.9759277833500501,54494,51,6bba_3abfe10a,0.04665322193412081,no_rescue
0.9840582777449121,1,0,1,6,6,0.9840425531914894,740,6bba,0.9986928104575163,6257,5,6bba_3c5691b6,-0.00015979546180888463,no_rescue
0.7758623323041657,1,0,0,54,67,0.7763401109057301,420,6bba,0.9721115537848606,23379,35,6bba_3db54e20,0.006154243415389912,no_rescue
0.9963643768680793,0,0,1,14,8,0.9814658803706824,1165,6bba,0.9942004971002486,8348,8,6bba_3fda6b25,-0.1517984149563097,no_rescue
0.7492063291572614,1,0,0,48,33,0.7460815047021944,238,6bba,0.9006849315068494,27108,12,6bba_474be664,-0.04188315130951119,no_rescue
0.9294749154686563,5,0,0,35,27,0.9343915343915344,883,6bba,0.9871657754010695,25226,33,6bba_48816121,0.052618401836010846,no_rescue
0.9435796643093203,1,0,0,28,35,0.9220297029702971,745,44b6,0.9923857868020305,44959,24,44b6_12dfb391,-0.23372307062994274,no_keepdiv
0.8027032190614303,1,0,0,24,33,0.8161290322580645,253,44b6,0.9892857142857143,22277,29,44b6_267148e4,0.16450601150026137,no_keepdiv
0.8940339678137111,1,1,0,11,19,0.868995633187773,199,44b6,1.0,40126,40,44b6_2a2eff9f,-0.28812957936381217,no_keepdiv
0.9774175677101697,0,0,1,2,0,0.9904306220095693,207,44b6,0.9907407407407407,8413,11,44b6_341df25f,0.13138784292630445,no_keepdiv
0.8976967183498187,0,2,1,16,23,0.9010152284263959,355,44b6,0.9921259842519685,18805,45,44b6_587a1e22,0.03683078789215416,no_keepdiv
0.9025228004995157,0,0,1,16,19,0.8801369863013698,257,44b6,0.9892086330935251,22011,16,44b6_5f15d135,-0.25434465937192996,no_keepdiv
0.8539967028879444,1,0,0,12,13,0.8076923076923077,105,44b6,0.9830508474576272,29826,3,44b6_706092f0,-0.5732925119459784,no_keepdiv
0.956113205822536,1,0,0,6,6,0.9172413793103448,133,44b6,1.0,8695,9,44b6_74d0c52e,-0.42379058979456596,no_keepdiv
0.9436457367355691,1,0,0,19,27,0.9138576779026217,488,44b6,1.0,45065,62,44b6_7a302da0,-0.32595949624577464,no_keepdiv
0.9536033965967834,0,0,1,7,2,0.9762532981530343,370,44b6,0.9868421052631579,9330,10,44b6_996155de,0.23200845107619172,no_keepdiv
0.9551353725500896,1,1,0,9,13,0.9055793991416309,211,44b6,0.9954954954954955,26205,18,44b6_9be80b04,-0.5472294693919865,no_keepdiv
0.9306313144509477,1,0,1,9,13,0.9264214046822743,277,44b6,0.9966216216216216,21993,37,44b6_a21120c2,-0.04544270833333333,no_keepdiv
1.0148809395671816,1,0,0,3,0,0.9854368932038835,203,44b6,0.9904306220095693,15496,12,44b6_aaf8b0ea,-0.2987918005339608,no_keepdiv
0.8221689373118916,2,2,0,31,39,0.8076923076923077,294,44b6,0.987987987987988,38640,50,44b6_c50204e0,-0.17923446195675263,no_keepdiv
0.855606377557862,1,0,0,12,16,0.8444444444444444,152,44b6,0.9821428571428571,28763,28,44b6_c8e2a523,-0.1321807868694183,no_keepdiv
0.9925530138055746,2,0,0,6,6,0.9581881533101045,275,44b6,1.0,15440,15,44b6_d2f34f90,-0.3586441804436321,no_keepdiv
0.867678300903572,2,1,0,57,73,0.865424430641822,836,44b6,0.9922737306843267,43680,68,44b6_d5e7d891,-0.026043524794862646,no_keepdiv
0.8969235700680559,1,0,0,4,3,0.9041095890410958,66,44b6,0.9861111111111112,5582,11,44b6_d754aa59,0.07948172500483465,no_keepdiv
0.9192918061993764,0,2,1,3,6,0.9307692307692308,121,44b6,0.9920634920634921,15714,27,44b6_deabac95,0.12331117306455072,no_keepdiv
0.982583572675746,2,0,0,17,7,0.9240506329113924,292,44b6,0.9678456591639871,27377,5,44b6_e28840c6,-0.6334386632032777,no_keepdiv
0.9851842557125876,0,0,1,10,6,0.9823008849557522,888,6bba,0.9935483870967742,5853,4,6bba_062c8d37,-0.02935323383084577,no_keepdiv
0.8127873953959807,2,0,0,39,18,0.8429752066115702,306,6bba,0.9220055710306406,29179,6,6bba_07e24132,0.35811030951826855,no_keepdiv
0.9967835534683405,1,0,0,5,1,0.9948674080410608,1163,6bba,0.996661101836394,8300,4,6bba_085bf656,-0.01926030958289023,no_keepdiv
0.8966766387318361,4,0,0,90,124,0.8927318295739348,1781,6bba,0.9943589743589744,29742,25,6bba_09961292,-0.044188064402095314,no_keepdiv
0.7699115044247787,1,0,0,24,28,0.7699115044247787,174,6bba,0.9569377990430622,22467,53,6bba_0e7c0d07,0.0,no_keepdiv
0.9154146690088446,3,1,0,56,34,0.9127906976744186,942,6bba,0.9739382239382239,8075,6,6bba_12665c0e,-0.028746692326196775,no_keepdiv
0.8646852907577448,1,0,0,104,98,0.8619275461380724,1261,6bba,0.9728789986091794,17336,10,6bba_1d0d8384,-0.03199508626947345,no_keepdiv
0.63897495553741,1,3,0,95,79,0.6710775047258979,355,6bba,0.8968421052631579,17739,35,6bba_207c6aaf,0.4783731977664805,no_keepdiv
0.8771828189612384,3,3,0,73,42,0.879074658254469,836,6bba,0.9474789915966386,9968,14,6bba_20852818,0.021520803443328552,no_keepdiv
0.9841982235924539,1,1,1,6,8,0.987719298245614,1126,6bba,1.0,12376,7,6bba_2312ac41,0.035648535564853555,no_keepdiv
0.9151847132726894,1,0,0,38,20,0.9077901430842608,571,6bba,0.9672386895475819,4691,7,6bba_268e1230,-0.08145682396710398,no_keepdiv
0.9631643662622973,1,0,0,27,18,0.953464322647363,922,6bba,0.9959432048681541,4971,3,6bba_2819ca14,-0.10173473075533068,no_keepdiv
0.6986568147970266,1,4,0,132,146,0.709508881922675,679,6bba,0.9419953596287703,44625,67,6bba_32db13fc,0.15295181501098049,no_keepdiv
0.9347108118446094,1,2,1,34,53,0.9312796208530806,1179,6bba,1.0,29357,63,6bba_337b1b3a,-0.03684383202099738,no_keepdiv
0.7930691241880469,0,1,1,92,123,0.7967863894139886,843,6bba,0.9759277833500501,54494,51,6bba_3abfe10a,0.04665322193412081,no_keepdiv
0.9840582777449121,1,0,1,6,6,0.9840425531914894,740,6bba,0.9986928104575163,6257,5,6bba_3c5691b6,-0.00015979546180888463,no_keepdiv
0.7758623323041657,1,0,0,54,67,0.7763401109057301,420,6bba,0.9721115537848606,23379,35,6bba_3db54e20,0.006154243415389912,no_keepdiv
0.9963643768680793,0,0,1,14,8,0.9814658803706824,1165,6bba,0.9942004971002486,8348,8,6bba_3fda6b25,-0.1517984149563097,no_keepdiv
0.7492063291572614,1,0,0,48,33,0.7460815047021944,238,6bba,0.9006849315068494,27108,12,6bba_474be664,-0.04188315130951119,no_keepdiv
0.9294749154686563,5,0,0,35,27,0.9343915343915344,883,6bba,0.9871657754010695,25226,33,6bba_48816121,0.052618401836010846,no_keepdiv
0.9270401950289472,1,0,0,32,45,0.9058679706601467,741,44b6,0.9936548223350253,44959,24,44b6_12dfb391,-0.23372307062994274,linefit_off
0.8015288932186475,1,0,0,26,31,0.814935064935065,251,44b6,0.9785714285714285,22277,29,44b6_267148e4,0.16450601150026137,linefit_off
0.8698547326758244,1,1,0,13,23,0.8454935622317596,197,44b6,1.0,40126,40,44b6_2a2eff9f,-0.28812957936381217,linefit_off
0.9774175677101697,0,0,1,2,0,0.9904306220095693,207,44b6,0.9907407407407407,8413,11,44b6_341df25f,0.13138784292630445,linefit_off
0.9017945466343769,0,1,1,18,19,0.9051282051282051,353,44b6,0.9816272965879265,18805,45,44b6_587a1e22,0.03683078789215416,linefit_off
0.8671459242153444,0,0,1,21,25,0.8456375838926175,252,44b6,0.9820143884892086,22011,16,44b6_5f15d135,-0.25434465937192996,linefit_off
0.8539967028879444,1,0,0,12,13,0.8076923076923077,105,44b6,0.9830508474576272,29826,3,44b6_706092f0,-0.5732925119459784,linefit_off
0.9495644852347105,1,0,0,6,7,0.910958904109589,133,44b6,1.0,8695,9,44b6_74d0c52e,-0.42379058979456596,linefit_off
0.9308718133232715,1,0,0,22,31,0.9014869888475836,485,44b6,0.998062015503876,45065,62,44b6_7a302da0,-0.32595949624577464,linefit_off
0.9536033965967834,0,0,1,7,2,0.9762532981530343,370,44b6,0.9868421052631579,9330,10,44b6_996155de,0.23200845107619172,linefit_off
0.9460819566965344,1,1,0,11,13,0.8969957081545065,209,44b6,0.9864864864864865,26205,18,44b6_9be80b04,-0.5472294693919865,linefit_off
0.9306313144509477,1,0,1,9,13,0.9264214046822743,277,44b6,0.9966216216216216,21993,37,44b6_a21120c2,-0.04544270833333333,linefit_off
0.9952197845708299,1,0,0,5,2,0.9663461538461539,201,44b6,0.9904306220095693,15496,12,44b6_aaf8b0ea,-0.2987918005339608,linefit_off
0.7962788248466168,2,2,0,34,47,0.782258064516129,291,44b6,0.990990990990991,38640,50,44b6_c50204e0,-0.17923446195675263,linefit_off
0.855606377557862,1,0,0,12,16,0.8444444444444444,152,44b6,0.9821428571428571,28763,28,44b6_c8e2a523,-0.1321807868694183,linefit_off
0.9960234788888108,2,0,0,6,5,0.9615384615384616,275,44b6,1.0,15440,15,44b6_d2f34f90,-0.3586441804436321,linefit_off
0.8528848559712211,2,1,0,67,78,0.850669412976313,826,44b6,0.9845474613686535,43680,68,44b6_d5e7d891,-0.026043524794862646,linefit_off
0.9501341446474242,1,0,0,2,1,0.9577464788732394,68,44b6,1.0,5582,11,44b6_d754aa59,0.07948172500483465,linefit_off
0.8971953972559682,0,1,1,5,7,0.9083969465648855,119,44b6,0.9841269841269841,15714,27,44b6_deabac95,0.12331117306455072,linefit_off
0.9448287604765762,2,0,0,22,14,0.8885448916408669,287,44b6,0.9614147909967846,27377,5,44b6_e28840c6,-0.6334386632032777,linefit_off
0.9851842557125876,0,0,1,10,6,0.9823008849557522,888,6bba,0.9935483870967742,5853,4,6bba_062c8d37,-0.02935323383084577,linefit_off
0.8008564114498488,2,0,0,41,21,0.8306010928961749,304,6bba,0.9220055710306406,29179,6,6bba_07e24132,0.35811030951826855,linefit_off
0.9916674026549617,1,0,0,8,4,0.9897610921501706,1160,6bba,0.9958263772954925,8300,4,6bba_085bf656,-0.01926030958289023,linefit_off
0.8952209702691045,4,0,0,92,125,0.8912825651302605,1779,6bba,0.9933333333333333,29742,25,6bba_09961292,-0.044188064402095314,linefit_off
0.7901785714285714,1,0,0,21,26,0.7901785714285714,177,6bba,0.9665071770334929,22467,53,6bba_0e7c0d07,0.0,linefit_off
0.9136440410223672,3,1,0,56,36,0.9110251450676983,942,6bba,0.974903474903475,8075,6,6bba_12665c0e,-0.028746692326196775,linefit_off
0.8490178644439298,1,0,0,115,112,0.8463100880162492,1250,6bba,0.9714881780250347,17336,10,6bba_1d0d8384,-0.03199508626947345,linefit_off
0.6166219571188127,1,3,0,99,92,0.6476014760147601,351,6bba,0.9010526315789473,17739,35,6bba_207c6aaf,0.4783731977664805,linefit_off
0.8606438307030129,3,3,0,81,51,0.8625,828,6bba,0.944327731092437,9968,14,6bba_20852818,0.021520803443328552,linefit_off
0.9841982235924539,1,1,1,6,8,0.987719298245614,1126,6bba,1.0,12376,7,6bba_2312ac41,0.035648535564853555,linefit_off
0.9213197384582377,1,0,0,36,18,0.9138755980861244,573,6bba,0.968798751950078,4691,7,6bba_268e1230,-0.08145682396710398,linefit_off
0.9631643662622973,1,0,0,27,18,0.953464322647363,922,6bba,0.9959432048681541,4971,3,6bba_2819ca14,-0.10173473075533068,linefit_off
0.6886830187228891,1,4,0,134,157,0.6993801652892562,677,6bba,0.9454756380510441,44625,67,6bba_32db13fc,0.15295181501098049,linefit_off
0.9256900708496602,1,2,1,38,61,0.9222919937205651,1175,6bba,1.0,29357,63,6bba_337b1b3a,-0.03684383202099738,linefit_off
0.7795237943943183,0,1,1,97,135,0.7831775700934579,838,6bba,0.9769307923771314,54494,51,6bba_3abfe10a,0.04665322193412081,linefit_off
0.9840582777449121,1,0,1,6,6,0.9840425531914894,740,6bba,0.9986928104575163,6257,5,6bba_3c5691b6,-0.00015979546180888463,linefit_off
0.772167749769384,1,0,0,56,67,0.7726432532347505,418,6bba,0.9681274900398407,23379,35,6bba_3db54e20,0.006154243415389912,linefit_off
0.9963643768680793,0,0,1,14,8,0.9814658803706824,1165,6bba,0.9942004971002486,8348,8,6bba_3fda6b25,-0.1517984149563097,linefit_off
0.736614626146215,1,0,0,52,33,0.7335423197492164,234,6bba,0.886986301369863,27108,12,6bba_474be664,-0.04188315130951119,linefit_off
0.9017719766559877,5,0,0,45,45,0.9065420560747663,873,6bba,0.986096256684492,25226,33,6bba_48816121,0.052618401836010846,linefit_off
0.9364108671770994,1,0,0,30,39,0.9150246305418719,743,44b6,0.9923857868020305,44959,24,44b6_12dfb391,-0.23372307062994274,linefit_w06
0.813196071598181,1,0,0,24,29,0.826797385620915,253,44b6,0.9821428571428571,22277,29,44b6_267148e4,0.16450601150026137,linefit_w06
0.8818396782311838,1,1,0,12,21,0.8571428571428571,198,44b6,1.0,40126,40,44b6_2a2eff9f,-0.28812957936381217,linefit_w06
0.9774175677101697,0,0,1,2,0,0.9904306220095693,207,44b6,0.9907407407407407,8413,11,44b6_341df25f,0.13138784292630445,linefit_w06
0.8949106187974732,0,1,1,18,22,0.8982188295165394,353,44b6,0.9868766404199475,18805,45,44b6_587a1e22,0.03683078789215416,linefit_w06
0.879933629554213,0,0,1,19,23,0.8581081081081081,254,44b6,0.9856115107913669,22011,16,44b6_5f15d135,-0.25434465937192996,linefit_w06
0.8539967028879444,1,0,0,12,13,0.8076923076923077,105,44b6,0.9830508474576272,29826,3,44b6_706092f0,-0.5732925119459784,linefit_w06
0.956113205822536,1,0,0,6,6,0.9172413793103448,133,44b6,1.0,8695,9,44b6_74d0c52e,-0.42379058979456596,linefit_w06
0.9602360061849765,1,0,0,16,21,0.9299242424242424,491,44b6,1.0,45065,62,44b6_7a302da0,-0.32595949624577464,linefit_w06
0.9536033965967834,0,0,1,7,2,0.9762532981530343,370,44b6,0.9868421052631579,9330,10,44b6_996155de,0.23200845107619172,linefit_w06
0.9551353725500896,1,1,0,9,13,0.9055793991416309,211,44b6,0.9954954954954955,26205,18,44b6_9be80b04,-0.5472294693919865,linefit_w06
0.9306313144509477,1,0,1,9,13,0.9264214046822743,277,44b6,0.9966216216216216,21993,37,44b6_a21120c2,-0.04544270833333333,linefit_w06
0.9952197845708299,1,0,0,5,2,0.9663461538461539,201,44b6,0.9904306220095693,15496,12,44b6_aaf8b0ea,-0.2987918005339608,linefit_w06
0.8148949992768657,2,2,0,32,41,0.8005464480874317,293,44b6,0.987987987987988,38640,50,44b6_c50204e0,-0.17923446195675263,linefit_w06
0.855606377557862,1,0,0,12,16,0.8444444444444444,152,44b6,0.9821428571428571,28763,28,44b6_c8e2a523,-0.1321807868694183,linefit_w06
0.9960234788888108,2,0,0,6,5,0.9615384615384616,275,44b6,1.0,15440,15,44b6_d2f34f90,-0.3586441804436321,linefit_w06
0.8607068356512946,2,1,0,62,75,0.8584710743801653,831,44b6,0.9878587196467992,43680,68,44b6_d5e7d891,-0.026043524794862646,linefit_w06
0.9501341446474242,1,0,0,2,1,0.9577464788732394,68,44b6,1.0,5582,11,44b6_d754aa59,0.07948172500483465,linefit_w06
0.9192918061993764,0,2,1,3,6,0.9307692307692308,121,44b6,0.9920634920634921,15714,27,44b6_deabac95,0.12331117306455072,linefit_w06
0.9697161045059594,2,0,0,19,9,0.9119496855345912,290,44b6,0.9646302250803859,27377,5,44b6_e28840c6,-0.6334386632032777,linefit_w06
0.9851842557125876,0,0,1,10,6,0.9823008849557522,888,6bba,0.9935483870967742,5853,4,6bba_062c8d37,-0.02935323383084577,linefit_w06
0.8203596753227551,2,0,0,37,17,0.850828729281768,308,6bba,0.9275766016713092,29179,6,6bba_07e24132,0.35811030951826855,linefit_w06
0.9933698735632566,1,0,0,7,3,0.9914602903501281,1161,6bba,0.9958263772954925,8300,4,6bba_085bf656,-0.01926030958289023,linefit_w06
0.8947177544342146,4,0,0,93,125,0.8907815631262525,1778,6bba,0.9933333333333333,29742,25,6bba_09961292,-0.044188064402095314,linefit_w06
0.7631578947368421,1,0,0,24,30,0.7631578947368421,174,6bba,0.9617224880382775,22467,53,6bba_0e7c0d07,0.0,linefit_w06
0.9154146690088446,3,1,0,56,34,0.9127906976744186,942,6bba,0.9739382239382239,8075,6,6bba_12665c0e,-0.028746692326196775,linefit_w06
0.8615471905602502,1,0,0,106,101,0.8587994542974079,1259,6bba,0.9728789986091794,17336,10,6bba_1d0d8384,-0.03199508626947345,linefit_w06
0.6524416062183045,1,3,0,93,71,0.6852207293666027,357,6bba,0.8926315789473684,17739,35,6bba_207c6aaf,0.4783731977664805,linefit_w06
0.8742948718913768,3,3,0,74,44,0.8761804826862539,835,6bba,0.9474789915966386,9968,14,6bba_20852818,0.021520803443328552,linefit_w06
0.9841982235924539,1,1,1,6,8,0.987719298245614,1126,6bba,1.0,12376,7,6bba_2312ac41,0.035648535564853555,linefit_w06
0.9258809947131388,1,0,0,35,16,0.9184,574,6bba,0.968798751950078,4691,7,6bba_268e1230,-0.08145682396710398,linefit_w06
0.9631643662622973,1,0,0,27,18,0.953464322647363,922,6bba,0.9959432048681541,4971,3,6bba_2819ca14,-0.10173473075533068,linefit_w06
0.6958717767471363,1,4,0,134,147,0.7066805845511482,677,6bba,0.9396751740139211,44625,67,6bba_32db13fc,0.15295181501098049,linefit_w06
0.9279346184321299,1,2,1,37,59,0.9245283018867925,1176,6bba,1.0,29357,63,6bba_337b1b3a,-0.03684383202099738,linefit_w06
0.8090065050748867,0,1,1,84,112,0.8127984718242598,851,6bba,0.9789368104312939,54494,51,6bba_3abfe10a,0.04665322193412081,linefit_w06
0.9840582777449121,1,0,1,6,6,0.9840425531914894,740,6bba,0.9986928104575163,6257,5,6bba_3c5691b6,-0.00015979546180888463,linefit_w06
0.7805953735662562,1,0,0,53,65,0.7810760667903525,421,6bba,0.9721115537848606,23379,35,6bba_3db54e20,0.006154243415389912,linefit_w06
0.9963643768680793,0,0,1,14,8,0.9814658803706824,1165,6bba,0.9942004971002486,8348,8,6bba_3fda6b25,-0.1517984149563097,linefit_w06
0.7320251269178897,1,0,0,52,35,0.7289719626168224,234,6bba,0.8904109589041096,27108,12,6bba_474be664,-0.04188315130951119,linefit_w06
0.9254842372975357,5,0,0,36,30,0.930379746835443,882,6bba,0.9871657754010695,25226,33,6bba_48816121,0.052618401836010846,linefit_w06
0.9435796643093203,1,0,0,28,35,0.9220297029702971,745,44b6,0.9923857868020305,44959,24,44b6_12dfb391,-0.23372307062994274,linefit_w10
0.7718995282113719,1,0,0,29,39,0.7848101265822784,248,44b6,0.9821428571428571,22277,29,44b6_267148e4,0.16450601150026137,linefit_w10
0.8818396782311838,1,1,0,12,21,0.8571428571428571,198,44b6,1.0,40126,40,44b6_2a2eff9f,-0.28812957936381217,linefit_w10
0.9774175677101697,0,0,1,2,0,0.9904306220095693,207,44b6,0.9907407407407407,8413,11,44b6_341df25f,0.13138784292630445,linefit_w10
0.9022768036475218,0,2,1,16,21,0.9056122448979592,355,44b6,0.989501312335958,18805,45,44b6_587a1e22,0.03683078789215416,linefit_w10
0.9025228004995157,0,0,1,16,19,0.8801369863013698,257,44b6,0.9892086330935251,22011,16,44b6_5f15d135,-0.25434465937192996,linefit_w10
0.8978907133160473,1,0,0,10,9,0.8492063492063492,107,44b6,0.9830508474576272,29826,3,44b6_706092f0,-0.5732925119459784,linefit_w10
0.956113205822536,1,0,0,6,6,0.9172413793103448,133,44b6,1.0,8695,9,44b6_74d0c52e,-0.42379058979456596,linefit_w10
0.949134246929358,1,0,0,18,25,0.9191729323308271,489,44b6,1.0,45065,62,44b6_7a302da0,-0.32595949624577464,linefit_w10
0.9536033965967834,0,0,1,7,2,0.9762532981530343,370,44b6,0.9868421052631579,9330,10,44b6_996155de,0.23200845107619172,linefit_w10
0.9551353725500896,1,1,0,9,13,0.9055793991416309,211,44b6,0.9954954954954955,26205,18,44b6_9be80b04,-0.5472294693919865,linefit_w10
0.9211103612956811,1,0,1,10,15,0.9169435215946844,276,44b6,0.9966216216216216,21993,37,44b6_a21120c2,-0.04544270833333333,linefit_w10
1.0148809395671816,1,0,0,3,0,0.9854368932038835,203,44b6,0.9904306220095693,15496,12,44b6_aaf8b0ea,-0.2987918005339608,linefit_w10
0.8176762108784932,2,2,0,31,41,0.8032786885245902,294,44b6,0.990990990990991,38640,50,44b6_c50204e0,-0.17923446195675263,linefit_w10
0.8652199323618829,1,0,0,12,14,0.8539325842696629,152,44b6,0.9761904761904762,28763,28,44b6_c8e2a523,-0.1321807868694183,linefit_w10
0.971790330330279,2,0,0,8,10,0.9381443298969072,273,44b6,1.0,15440,15,44b6_d2f34f90,-0.3586441804436321,linefit_w10
0.8657441926787706,2,1,0,58,74,0.8634953464322648,835,44b6,0.9911699779249448,43680,68,44b6_d5e7d891,-0.026043524794862646,linefit_w10
0.8969235700680559,1,0,0,4,3,0.9041095890410958,66,44b6,0.9861111111111112,5582,11,44b6_d754aa59,0.07948172500483465,linefit_w10
0.9192918061993764,0,2,1,3,6,0.9307692307692308,121,44b6,0.9920634920634921,15714,27,44b6_deabac95,0.12331117306455072,linefit_w10
0.982583572675746,2,0,0,17,7,0.9240506329113924,292,44b6,0.9678456591639871,27377,5,44b6_e28840c6,-0.6334386632032777,linefit_w10
0.9829874384981172,0,0,1,11,7,0.980110497237569,887,6bba,0.9924731182795699,5853,4,6bba_062c8d37,-0.02935323383084577,linefit_w10
0.820755899272412,2,0,0,36,18,0.8512396694214877,309,6bba,0.9331476323119777,29179,6,6bba_07e24132,0.35811030951826855,linefit_w10
0.9967835534683405,1,0,0,5,1,0.9948674080410608,1163,6bba,0.996661101836394,8300,4,6bba_085bf656,-0.01926030958289023,linefit_w10
0.8949371565382267,4,0,0,89,129,0.891,1782,6bba,0.9958974358974358,29742,25,6bba_09961292,-0.044188064402095314,linefit_w10
0.7434782608695653,1,0,0,27,32,0.7434782608695653,171,6bba,0.9521531100478469,22467,53,6bba_0e7c0d07,0.0,linefit_w10
0.9154146690088446,3,1,0,56,34,0.9127906976744186,942,6bba,0.9739382239382239,8075,6,6bba_12665c0e,-0.028746692326196775,linefit_w10
0.8610567989577341,1,0,0,105,103,0.8583106267029973,1260,6bba,0.9742698191933241,17336,10,6bba_1d0d8384,-0.03199508626947345,linefit_w10
0.6492842657523047,1,3,0,92,75,0.6819047619047619,358,6bba,0.8989473684210526,17739,35,6bba_207c6aaf,0.4783731977664805,linefit_w10
0.8761335572160694,3,3,0,74,42,0.8780231335436383,835,6bba,0.9464285714285714,9968,14,6bba_20852818,0.021520803443328552,linefit_w10
0.9841982235924539,1,1,1,6,8,0.987719298245614,1126,6bba,1.0,12376,7,6bba_2312ac41,0.035648535564853555,linefit_w10
0.9151847132726894,1,0,0,38,20,0.9077901430842608,571,6bba,0.9672386895475819,4691,7,6bba_268e1230,-0.08145682396710398,linefit_w10
0.9570612595426956,1,0,0,30,21,0.9474226804123711,919,6bba,0.9929006085192698,4971,3,6bba_2819ca14,-0.10173473075533068,linefit_w10
0.6961729582296721,1,4,0,133,148,0.7069864442127216,678,6bba,0.9419953596287703,44625,67,6bba_32db13fc,0.15295181501098049,linefit_w10
0.9301862354558041,1,2,1,36,57,0.926771653543307,1177,6bba,1.0,29357,63,6bba_337b1b3a,-0.03684383202099738,linefit_w10
0.796644406267146,0,1,1,89,122,0.8003784295175024,846,6bba,0.9789368104312939,54494,51,6bba_3abfe10a,0.04665322193412081,linefit_w10
0.9840582777449121,1,0,1,6,6,0.9840425531914894,740,6bba,0.9986928104575163,6257,5,6bba_3c5691b6,-0.00015979546180888463,linefit_w10
0.7693236696597362,1,0,0,56,69,0.7697974217311234,418,6bba,0.9701195219123506,23379,35,6bba_3db54e20,0.006154243415389912,linefit_w10
0.9963643768680793,0,0,1,14,8,0.9814658803706824,1165,6bba,0.9942004971002486,8348,8,6bba_3fda6b25,-0.1517984149563097,linefit_w10
0.7523542549100231,1,0,0,47,33,0.7492163009404389,239,6bba,0.9041095890410958,27108,12,6bba_474be664,-0.04188315130951119,linefit_w10
0.9295439040990451,5,0,0,34,28,0.9344608879492601,884,6bba,0.9882352941176471,25226,33,6bba_48816121,0.052618401836010846,linefit_w10
0.9459210530545047,1,0,0,28,33,0.924317617866005,745,44b6,0.9911167512690355,44959,24,44b6_12dfb391,-0.23372307062994274,linefit_win3
0.7718995282113719,1,0,0,29,39,0.7848101265822784,248,44b6,0.9821428571428571,22277,29,44b6_267148e4,0.16450601150026137,linefit_win3
0.8940339678137111,1,1,0,11,19,0.868995633187773,199,44b6,1.0,40126,40,44b6_2a2eff9f,-0.28812957936381217,linefit_win3
0.9774175677101697,0,0,1,2,0,0.9904306220095693,207,44b6,0.9907407407407407,8413,11,44b6_341df25f,0.13138784292630445,linefit_win3
0.9045844169560832,0,2,1,16,20,0.907928388746803,355,44b6,0.9868766404199475,18805,45,44b6_587a1e22,0.03683078789215416,linefit_win3
0.8963831896117639,0,0,1,16,21,0.8741496598639455,257,44b6,0.9928057553956835,22011,16,44b6_5f15d135,-0.25434465937192996,linefit_win3
0.8978907133160473,1,0,0,10,9,0.8492063492063492,107,44b6,0.9830508474576272,29826,3,44b6_706092f0,-0.5732925119459784,linefit_win3
0.956113205822536,1,0,0,6,6,0.9172413793103448,133,44b6,1.0,8695,9,44b6_74d0c52e,-0.42379058979456596,linefit_win3
0.9546641798415906,1,0,0,17,23,0.9245283018867925,490,44b6,1.0,45065,62,44b6_7a302da0,-0.32595949624577464,linefit_win3
0.9510260901194947,0,0,1,8,2,0.9736147757255936,369,44b6,0.9842105263157894,9330,10,44b6_996155de,0.23200845107619172,linefit_win3
0.9510535974537218,1,1,0,9,14,0.9017094017094017,211,44b6,0.9954954954954955,26205,18,44b6_9be80b04,-0.5472294693919865,linefit_win3
0.9306313144509477,1,0,1,9,13,0.9264214046822743,277,44b6,0.9966216216216216,21993,37,44b6_a21120c2,-0.04544270833333333,linefit_win3
1.0148809395671816,1,0,0,3,0,0.9854368932038835,203,44b6,0.9904306220095693,15496,12,44b6_aaf8b0ea,-0.2987918005339608,linefit_win3
0.8154482103038924,2,2,0,31,42,0.8010899182561307,294,44b6,0.990990990990991,38640,50,44b6_c50204e0,-0.17923446195675263,linefit_win3
0.8652199323618829,1,0,0,12,14,0.8539325842696629,152,44b6,0.9761904761904762,28763,28,44b6_c8e2a523,-0.1321807868694183,linefit_win3
0.971790330330279,2,0,0,8,10,0.9381443298969072,273,44b6,1.0,15440,15,44b6_d2f34f90,-0.3586441804436321,linefit_win3
0.867678300903572,2,1,0,57,73,0.865424430641822,836,44b6,0.9922737306843267,43680,68,44b6_d5e7d891,-0.026043524794862646,linefit_win3
0.8969235700680559,1,0,0,4,3,0.9041095890410958,66,44b6,0.9861111111111112,5582,11,44b6_d754aa59,0.07948172500483465,linefit_win3
0.9192918061993764,0,2,1,3,6,0.9307692307692308,121,44b6,0.9920634920634921,15714,27,44b6_deabac95,0.12331117306455072,linefit_win3
0.982583572675746,2,0,0,17,7,0.9240506329113924,292,44b6,0.9678456591639871,27377,5,44b6_e28840c6,-0.6334386632032777,linefit_win3
0.9851842557125876,0,0,1,10,6,0.9823008849557522,888,6bba,0.9935483870967742,5853,4,6bba_062c8d37,-0.02935323383084577,linefit_win3
0.8279739069388745,2,0,0,35,16,0.8587257617728532,310,6bba,0.9331476323119777,29179,6,6bba_07e24132,0.35811030951826855,linefit_win3
0.9967835534683405,1,0,0,5,1,0.9948674080410608,1163,6bba,0.996661101836394,8300,4,6bba_085bf656,-0.01926030958289023,linefit_win3
0.8948823883291711,4,0,0,90,128,0.8909454727363681,1781,6bba,0.9958974358974358,29742,25,6bba_09961292,-0.044188064402095314,linefit_win3
0.7339055793991416,1,0,0,27,35,0.7339055793991416,171,6bba,0.9617224880382775,22467,53,6bba_0e7c0d07,0.0,linefit_win3
0.9154146690088446,3,1,0,56,34,0.9127906976744186,942,6bba,0.9739382239382239,8075,6,6bba_12665c0e,-0.028746692326196775,linefit_win3
0.8568712220904524,1,0,0,106,109,0.8541383989145184,1259,6bba,0.9749652294853964,17336,10,6bba_1d0d8384,-0.03199508626947345,linefit_win3
0.6450134285383996,1,3,0,93,77,0.6774193548387096,357,6bba,0.8989473684210526,17739,35,6bba_207c6aaf,0.4783731977664805,linefit_win3
0.8742948718913768,3,3,0,74,44,0.8761804826862539,835,6bba,0.9474789915966386,9968,14,6bba_20852818,0.021520803443328552,linefit_win3
0.9841982235924539,1,1,1,6,8,0.987719298245614,1126,6bba,1.0,12376,7,6bba_2312ac41,0.035648535564853555,linefit_win3
0.9197118506075251,1,0,0,37,18,0.9122807017543859,572,6bba,0.9672386895475819,4691,7,6bba_268e1230,-0.08145682396710398,linefit_win3
0.9590914295453977,1,0,0,29,20,0.9494324045407637,920,6bba,0.9939148073022313,4971,3,6bba_2819ca14,-0.10173473075533068,linefit_win3
0.6979275279339816,1,4,0,132,147,0.708768267223382,679,6bba,0.9419953596287703,44625,67,6bba_32db13fc,0.15295181501098049,linefit_win3
0.9212220512488755,1,2,1,40,65,0.9178403755868545,1173,6bba,1.0,29357,63,6bba_337b1b3a,-0.03684383202099738,linefit_win3
0.7979675547880141,0,1,1,90,119,0.801707779886148,845,6bba,0.9759277833500501,54494,51,6bba_3abfe10a,0.04665322193412081,linefit_win3
0.9840582777449121,1,0,1,6,6,0.9840425531914894,740,6bba,0.9986928104575163,6257,5,6bba_3c5691b6,-0.00015979546180888463,linefit_win3
0.771164156907726,1,0,0,55,69,0.7716390423572744,419,6bba,0.9721115537848606,23379,35,6bba_3db54e20,0.006154243415389912,linefit_win3
0.9929807869297047,0,0,1,16,10,0.9781328847771237,1163,6bba,0.9933719966859983,8348,8,6bba_3fda6b25,-0.1517984149563097,linefit_win3
0.769984650579643,1,0,0,46,27,0.7667731629392971,240,6bba,0.8972602739726028,27108,12,6bba_474be664,-0.04188315130951119,linefit_win3
0.9254842372975357,5,0,0,36,30,0.930379746835443,882,6bba,0.9871657754010695,25226,33,6bba_48816121,0.052618401836010846,linefit_win3
0.9305664850989482,1,0,0,31,43,0.9093137254901961,742,44b6,0.9936548223350253,44959,24,44b6_12dfb391,-0.23372307062994274,linefit_win1
0.8079155776267641,1,0,0,24,31,0.8214285714285714,253,44b6,0.9857142857142858,22277,29,44b6_267148e4,0.16450601150026137,linefit_win1
0.8580737861937476,1,1,0,14,25,0.8340425531914893,196,44b6,1.0,40126,40,44b6_2a2eff9f,-0.28812957936381217,linefit_win1
0.9774175677101697,0,0,1,2,0,0.9904306220095693,207,44b6,0.9907407407407407,8413,11,44b6_341df25f,0.13138784292630445,linefit_win1
0.8949106187974732,0,1,1,18,22,0.8982188295165394,353,44b6,0.9868766404199475,18805,45,44b6_587a1e22,0.03683078789215416,linefit_win1
0.87402803472499,0,0,1,19,25,0.8523489932885906,254,44b6,0.9892086330935251,22011,16,44b6_5f15d135,-0.25434465937192996,linefit_win1
0.8539967028879444,1,0,0,12,13,0.8076923076923077,105,44b6,0.9830508474576272,29826,3,44b6_706092f0,-0.5732925119459784,linefit_win1
0.956113205822536,1,0,0,6,6,0.9172413793103448,133,44b6,1.0,8695,9,44b6_74d0c52e,-0.42379058979456596,linefit_win1
0.9308718133232715,1,0,0,22,31,0.9014869888475836,485,44b6,0.998062015503876,45065,62,44b6_7a302da0,-0.32595949624577464,linefit_win1
0.9536033965967834,0,0,1,7,2,0.9762532981530343,370,44b6,0.9868421052631579,9330,10,44b6_996155de,0.23200845107619172,linefit_win1
0.9425183781158795,1,1,0,10,15,0.8936170212765957,210,44b6,0.9954954954954955,26205,18,44b6_9be80b04,-0.5472294693919865,linefit_win1
0.9306313144509477,1,0,1,9,13,0.9264214046822743,277,44b6,0.9966216216216216,21993,37,44b6_a21120c2,-0.04544270833333333,linefit_win1
1.0148809395671816,1,0,0,3,0,0.9854368932038835,203,44b6,0.9904306220095693,15496,12,44b6_aaf8b0ea,-0.2987918005339608,linefit_win1
0.8176762108784932,2,2,0,31,41,0.8032786885245902,294,44b6,0.990990990990991,38640,50,44b6_c50204e0,-0.17923446195675263,linefit_win1
0.855606377557862,1,0,0,12,16,0.8444444444444444,152,44b6,0.9821428571428571,28763,28,44b6_c8e2a523,-0.1321807868694183,linefit_win1
0.9960234788888108,2,0,0,6,5,0.9615384615384616,275,44b6,1.0,15440,15,44b6_d2f34f90,-0.3586441804436321,linefit_win1
0.8645646227902817,2,1,0,60,73,0.8623188405797102,833,44b6,0.9889624724061811,43680,68,44b6_d5e7d891,-0.026043524794862646,linefit_win1
0.9501341446474242,1,0,0,2,1,0.9577464788732394,68,44b6,1.0,5582,11,44b6_d754aa59,0.07948172500483465,linefit_win1
0.8971953972559682,0,1,1,5,7,0.9083969465648855,119,44b6,0.9841269841269841,15714,27,44b6_deabac95,0.12331117306455072,linefit_win1
0.9510653214293616,2,0,0,21,13,0.8944099378881988,288,44b6,0.9678456591639871,27377,5,44b6_e28840c6,-0.6334386632032777,linefit_win1
0.9851842557125876,0,0,1,10,6,0.9823008849557522,888,6bba,0.9935483870967742,5853,4,6bba_062c8d37,-0.02935323383084577,linefit_win1
0.8150326644440359,2,0,0,39,17,0.8453038674033149,306,6bba,0.9220055710306406,29179,6,6bba_07e24132,0.35811030951826855,linefit_win1
0.9933698735632566,1,0,0,7,3,0.9914602903501281,1161,6bba,0.9958263772954925,8300,4,6bba_085bf656,-0.01926030958289023,linefit_win1
0.8905311595561298,4,0,0,96,131,0.8866133866133866,1775,6bba,0.9928205128205129,29742,25,6bba_09961292,-0.044188064402095314,linefit_win1
0.7857142857142857,1,0,0,22,26,0.7857142857142857,176,6bba,0.9617224880382775,22467,53,6bba_0e7c0d07,0.0,linefit_win1
0.9154146690088446,3,1,0,56,34,0.9127906976744186,942,6bba,0.9739382239382239,8075,6,6bba_12665c0e,-0.028746692326196775,linefit_win1
0.8590066637221205,1,0,0,108,103,0.8562670299727521,1257,6bba,0.972183588317107,17336,10,6bba_1d0d8384,-0.03199508626947345,linefit_win1
0.6401545703196547,1,3,0,93,81,0.672316384180791,357,6bba,0.9010526315789473,17739,35,6bba_207c6aaf,0.4783731977664805,linefit_win1
0.8820638783454103,3,3,0,71,39,0.8839662447257384,838,6bba,0.9485294117647058,9968,14,6bba_20852818,0.021520803443328552,linefit_win1
0.9841982235924539,1,1,1,6,8,0.987719298245614,1126,6bba,1.0,12376,7,6bba_2312ac41,0.035648535564853555,linefit_win1
0.9226549285294693,1,0,0,37,16,0.9152,572,6bba,0.9656786271450858,4691,7,6bba_268e1230,-0.08145682396710398,linefit_win1
0.9590914295453977,1,0,0,29,20,0.9494324045407637,920,6bba,0.9949290060851927,4971,3,6bba_2819ca14,-0.10173473075533068,linefit_win1
0.6944220438789132,1,4,0,134,149,0.7052083333333333,677,6bba,0.9408352668213457,44625,67,6bba_32db13fc,0.15295181501098049,linefit_win1
0.9234525594665086,1,2,1,39,63,0.9200626959247649,1174,6bba,1.0,29357,63,6bba_337b1b3a,-0.03684383202099738,linefit_win1
0.8019553689755937,0,1,1,89,115,0.8057142857142857,846,6bba,0.9749247743229689,54494,51,6bba_3abfe10a,0.04665322193412081,linefit_win1
0.9840582777449121,1,0,1,6,6,0.9840425531914894,740,6bba,0.9986928104575163,6257,5,6bba_3c5691b6,-0.00015979546180888463,linefit_win1
0.7882996092109731,1,0,0,52,61,0.788785046728972,422,6bba,0.9701195219123506,23379,35,6bba_3db54e20,0.006154243415389912,linefit_win1
0.9972196252602408,0,0,1,13,8,0.9823083403538332,1166,6bba,0.9950289975144988,8348,8,6bba_3fda6b25,-0.1517984149563097,linefit_win1
0.7650958591473913,1,0,0,46,29,0.7619047619047619,240,6bba,0.9006849315068494,27108,12,6bba_474be664,-0.04188315130951119,linefit_win1
0.9295439040990451,5,0,0,34,28,0.9344608879492601,884,6bba,0.9882352941176471,25226,33,6bba_48816121,0.052618401836010846,linefit_win1
0.9435796643093203,1,0,0,28,35,0.9220297029702971,745,44b6,0.9923857868020305,44959,24,44b6_12dfb391,-0.23372307062994274,divgeom_on
0.8027373488693658,1,0,0,24,33,0.8161290322580645,253,44b6,0.9892857142857143,22269,29,44b6_267148e4,0.16408782017773132,divgeom_on
0.8895490044462976,1,0,0,12,19,0.8646288209606987,198,44b6,1.0,40121,40,44b6_2a2eff9f,-0.2882182837475828,divgeom_on
0.97269574371157,1,0,0,3,0,0.9856459330143541,206,44b6,0.9907407407407407,8413,11,44b6_341df25f,0.13138784292630445,divgeom_on
0.8951927643773883,0,1,1,17,23,0.8984771573604061,354,44b6,0.9921259842519685,18800,45,44b6_587a1e22,0.036555108342063186,divgeom_on
0.9025377084738085,0,0,1,16,19,0.8801369863013698,257,44b6,0.9892086330935251,22006,16,44b6_5f15d135,-0.2545140418035841,divgeom_on
0.8539967028879444,1,0,0,12,13,0.8076923076923077,105,44b6,0.9830508474576272,29826,3,44b6_706092f0,-0.5732925119459784,divgeom_on
0.95613751970933,1,0,0,6,6,0.9172413793103448,133,44b6,1.0,8691,9,44b6_74d0c52e,-0.42405566600397615,divgeom_on
0.943671707144316,1,0,0,19,27,0.9138576779026217,488,44b6,1.0,45046,62,44b6_7a302da0,-0.32624368063657305,divgeom_on
0.9510775156985638,1,0,0,8,2,0.9736147757255936,369,44b6,0.9868421052631579,9326,10,44b6_996155de,0.23148025881420836,divgeom_on
0.9551353725500896,1,1,0,9,13,0.9055793991416309,211,44b6,0.9954954954954955,26205,18,44b6_9be80b04,-0.5472294693919865,divgeom_on
0.9272876602564102,2,0,0,10,13,0.9230769230769231,276,44b6,0.9966216216216216,21989,37,44b6_a21120c2,-0.04561631944444444,divgeom_on
1.014898776336143,1,0,0,3,0,0.9854368932038835,203,44b6,0.9904306220095693,15492,12,44b6_aaf8b0ea,-0.298972804199285,divgeom_on
0.8193809933853055,2,1,0,32,39,0.804945054945055,293,44b6,0.987987987987988,38635,50,44b6_c50204e0,-0.17934066867751391,divgeom_on
0.855606377557862,1,0,0,12,16,0.8444444444444444,152,44b6,0.9821428571428571,28763,28,44b6_c8e2a523,-0.1321807868694183,divgeom_on
0.9925689345192624,2,0,0,6,6,0.9581881533101045,275,44b6,1.0,15436,15,44b6_d2f34f90,-0.35881033480103014,divgeom_on
0.8676956680545616,2,1,0,57,73,0.865424430641822,836,44b6,0.9922737306843267,43671,68,44b6_d5e7d891,-0.026244202640028542,divgeom_on
0.8969235700680559,1,0,0,4,3,0.9041095890410958,66,44b6,0.9861111111111112,5582,11,44b6_d754aa59,0.07948172500483465,divgeom_on
0.9193250740966804,0,2,1,3,6,0.9307692307692308,121,44b6,0.9920634920634921,15709,27,44b6_deabac95,0.12295374937450854,divgeom_on
0.9825885216655589,2,0,0,17,7,0.9240506329113924,292,44b6,0.9678456591639871,27373,5,44b6_e28840c6,-0.6334922207642664,divgeom_on
0.9841561734102351,1,0,0,11,6,0.9811946902654868,887,6bba,0.9935483870967742,5848,4,6bba_062c8d37,-0.030182421227197345,divgeom_on
0.8128030896050867,2,0,0,39,18,0.8429752066115702,306,6bba,0.9220055710306406,29175,6,6bba_07e24132,0.35792413311612753,divgeom_on
0.9967835534683405,1,0,0,5,1,0.9948674080410608,1163,6bba,0.996661101836394,8300,4,6bba_085bf656,-0.01926030958289023,divgeom_on
0.8966881145402955,4,0,0,90,124,0.8927318295739348,1781,6bba,0.9943589743589744,29738,25,6bba_09961292,-0.04431661149853778,divgeom_on
0.7699971757988412,1,0,0,24,28,0.7699115044247787,174,6bba,0.9569377990430622,22442,53,6bba_0e7c0d07,-0.0011127431343748609,divgeom_on
0.9163025590854779,3,0,0,56,33,0.9136760426770126,942,6bba,0.9739382239382239,8075,6,6bba_12665c0e,-0.028746692326196775,divgeom_on
0.8646852907577448,1,0,0,104,98,0.8619275461380724,1261,6bba,0.9728789986091794,17336,10,6bba_1d0d8384,-0.03199508626947345,divgeom_on
0.640235565716335,1,2,0,95,78,0.6723484848484849,355,6bba,0.8968421052631579,17730,35,6bba_207c6aaf,0.47762313526127176,divgeom_on
0.8771008403361344,3,1,0,74,41,0.8789473684210526,835,6bba,0.9474789915966386,9963,14,6bba_20852818,0.02100840336134454,divgeom_on
0.982450091756588,2,0,0,8,8,0.9859649122807017,1124,6bba,1.0,12376,7,6bba_2312ac41,0.035648535564853555,divgeom_on
0.9152558149091167,1,0,0,38,20,0.9077901430842608,571,6bba,0.9672386895475819,4687,7,6bba_268e1230,-0.08224006265909536,divgeom_on
0.9633021999193478,1,0,0,27,18,0.953464322647363,922,6bba,0.9959432048681541,4963,3,6bba_2819ca14,-0.10318033971810625,divgeom_on
0.6966299867294571,1,3,0,134,146,0.7074190177638453,677,6bba,0.9396751740139211,44608,67,6bba_32db13fc,0.1525125952719287,divgeom_on
0.9346837840922058,2,1,0,35,52,0.9312252964426877,1178,6bba,1.0,29348,63,6bba_337b1b3a,-0.03713910761154856,divgeom_on
0.7938194261030781,0,0,1,92,122,0.7975402081362346,843,6bba,0.9759277833500501,54494,51,6bba_3abfe10a,0.04665322193412081,divgeom_on
0.9840582777449121,1,0,1,6,6,0.9840425531914894,740,6bba,0.9986928104575163,6257,5,6bba_3c5691b6,-0.00015979546180888463,divgeom_on
0.7759091078315915,1,0,0,54,67,0.7763401109057301,420,6bba,0.9721115537848606,23365,35,6bba_3db54e20,0.005551730074023068,divgeom_on
0.9955091284759179,1,0,0,15,8,0.9806234203875316,1164,6bba,0.9942004971002486,8348,8,6bba_3fda6b25,-0.1517984149563097,divgeom_on
0.7492063291572614,1,0,0,48,33,0.7460815047021944,238,6bba,0.9006849315068494,27108,12,6bba_474be664,-0.04188315130951119,divgeom_on
0.9295295012457542,5,0,0,35,27,0.9343915343915344,883,6bba,0.9871657754010695,25212,33,6bba_48816121,0.05203421656582516,divgeom_on
0.9435796643093203,1,0,0,28,35,0.9220297029702971,745,44b6,0.9923857868020305,44959,24,44b6_12dfb391,-0.23372307062994274,tail_base
0.8027032190614303,1,0,0,24,33,0.8161290322580645,253,44b6,0.9892857142857143,22277,29,44b6_267148e4,0.16450601150026137,tail_base
0.8940339678137111,1,1,0,11,19,0.868995633187773,199,44b6,1.0,40126,40,44b6_2a2eff9f,-0.28812957936381217,tail_base
0.9774175677101697,0,0,1,2,0,0.9904306220095693,207,44b6,0.9907407407407407,8413,11,44b6_341df25f,0.13138784292630445,tail_base
0.8976967183498187,0,2,1,16,23,0.9010152284263959,355,44b6,0.9921259842519685,18805,45,44b6_587a1e22,0.03683078789215416,tail_base
0.9025228004995157,0,0,1,16,19,0.8801369863013698,257,44b6,0.9892086330935251,22011,16,44b6_5f15d135,-0.25434465937192996,tail_base
0.8539967028879444,1,0,0,12,13,0.8076923076923077,105,44b6,0.9830508474576272,29826,3,44b6_706092f0,-0.5732925119459784,tail_base
0.956113205822536,1,0,0,6,6,0.9172413793103448,133,44b6,1.0,8695,9,44b6_74d0c52e,-0.42379058979456596,tail_base
0.9436457367355691,1,0,0,19,27,0.9138576779026217,488,44b6,1.0,45065,62,44b6_7a302da0,-0.32595949624577464,tail_base
0.9536033965967834,0,0,1,7,2,0.9762532981530343,370,44b6,0.9868421052631579,9330,10,44b6_996155de,0.23200845107619172,tail_base
0.9551353725500896,1,1,0,9,13,0.9055793991416309,211,44b6,0.9954954954954955,26205,18,44b6_9be80b04,-0.5472294693919865,tail_base
0.9306313144509477,1,0,1,9,13,0.9264214046822743,277,44b6,0.9966216216216216,21993,37,44b6_a21120c2,-0.04544270833333333,tail_base
1.0148809395671816,1,0,0,3,0,0.9854368932038835,203,44b6,0.9904306220095693,15496,12,44b6_aaf8b0ea,-0.2987918005339608,tail_base
0.8221689373118916,2,2,0,31,39,0.8076923076923077,294,44b6,0.987987987987988,38640,50,44b6_c50204e0,-0.17923446195675263,tail_base
0.855606377557862,1,0,0,12,16,0.8444444444444444,152,44b6,0.9821428571428571,28763,28,44b6_c8e2a523,-0.1321807868694183,tail_base
0.9925530138055746,2,0,0,6,6,0.9581881533101045,275,44b6,1.0,15440,15,44b6_d2f34f90,-0.3586441804436321,tail_base
0.867678300903572,2,1,0,57,73,0.865424430641822,836,44b6,0.9922737306843267,43680,68,44b6_d5e7d891,-0.026043524794862646,tail_base
0.8969235700680559,1,0,0,4,3,0.9041095890410958,66,44b6,0.9861111111111112,5582,11,44b6_d754aa59,0.07948172500483465,tail_base
0.9192918061993764,0,2,1,3,6,0.9307692307692308,121,44b6,0.9920634920634921,15714,27,44b6_deabac95,0.12331117306455072,tail_base
0.982583572675746,2,0,0,17,7,0.9240506329113924,292,44b6,0.9678456591639871,27377,5,44b6_e28840c6,-0.6334386632032777,tail_base
0.9851842557125876,0,0,1,10,6,0.9823008849557522,888,6bba,0.9935483870967742,5853,4,6bba_062c8d37,-0.02935323383084577,tail_base
0.8127873953959807,2,0,0,39,18,0.8429752066115702,306,6bba,0.9220055710306406,29179,6,6bba_07e24132,0.35811030951826855,tail_base
0.9967835534683405,1,0,0,5,1,0.9948674080410608,1163,6bba,0.996661101836394,8300,4,6bba_085bf656,-0.01926030958289023,tail_base
0.8966766387318361,4,0,0,90,124,0.8927318295739348,1781,6bba,0.9943589743589744,29742,25,6bba_09961292,-0.044188064402095314,tail_base
0.7699115044247787,1,0,0,24,28,0.7699115044247787,174,6bba,0.9569377990430622,22467,53,6bba_0e7c0d07,0.0,tail_base
0.9154146690088446,3,1,0,56,34,0.9127906976744186,942,6bba,0.9739382239382239,8075,6,6bba_12665c0e,-0.028746692326196775,tail_base
0.8646852907577448,1,0,0,104,98,0.8619275461380724,1261,6bba,0.9728789986091794,17336,10,6bba_1d0d8384,-0.03199508626947345,tail_base
0.63897495553741,1,3,0,95,79,0.6710775047258979,355,6bba,0.8968421052631579,17739,35,6bba_207c6aaf,0.4783731977664805,tail_base
0.8771828189612384,3,3,0,73,42,0.879074658254469,836,6bba,0.9474789915966386,9968,14,6bba_20852818,0.021520803443328552,tail_base
0.9841982235924539,1,1,1,6,8,0.987719298245614,1126,6bba,1.0,12376,7,6bba_2312ac41,0.035648535564853555,tail_base
0.9151847132726894,1,0,0,38,20,0.9077901430842608,571,6bba,0.9672386895475819,4691,7,6bba_268e1230,-0.08145682396710398,tail_base
0.9631643662622973,1,0,0,27,18,0.953464322647363,922,6bba,0.9959432048681541,4971,3,6bba_2819ca14,-0.10173473075533068,tail_base
0.6986568147970266,1,4,0,132,146,0.709508881922675,679,6bba,0.9419953596287703,44625,67,6bba_32db13fc,0.15295181501098049,tail_base
0.9347108118446094,1,2,1,34,53,0.9312796208530806,1179,6bba,1.0,29357,63,6bba_337b1b3a,-0.03684383202099738,tail_base
0.7930691241880469,0,1,1,92,123,0.7967863894139886,843,6bba,0.9759277833500501,54494,51,6bba_3abfe10a,0.04665322193412081,tail_base
0.9840582777449121,1,0,1,6,6,0.9840425531914894,740,6bba,0.9986928104575163,6257,5,6bba_3c5691b6,-0.00015979546180888463,tail_base
0.7758623323041657,1,0,0,54,67,0.7763401109057301,420,6bba,0.9721115537848606,23379,35,6bba_3db54e20,0.006154243415389912,tail_base
0.9963643768680793,0,0,1,14,8,0.9814658803706824,1165,6bba,0.9942004971002486,8348,8,6bba_3fda6b25,-0.1517984149563097,tail_base
0.7492063291572614,1,0,0,48,33,0.7460815047021944,238,6bba,0.9006849315068494,27108,12,6bba_474be664,-0.04188315130951119,tail_base
0.9294749154686563,5,0,0,35,27,0.9343915343915344,883,6bba,0.9871657754010695,25226,33,6bba_48816121,0.052618401836010846,tail_base
0.9471907457431684,1,0,0,27,33,0.9255583126550868,746,44b6,0.9923857868020305,44959,24,44b6_12dfb391,-0.23372307062994274,float_coords
0.813196071598181,1,0,0,24,29,0.826797385620915,253,44b6,0.9821428571428571,22277,29,44b6_267148e4,0.16450601150026137,float_coords
0.8818396782311838,1,1,0,12,21,0.8571428571428571,198,44b6,1.0,40126,40,44b6_2a2eff9f,-0.28812957936381217,float_coords
0.9774175677101697,0,0,1,2,0,0.9904306220095693,207,44b6,0.9907407407407407,8413,11,44b6_341df25f,0.13138784292630445,float_coords
0.9022768036475218,0,2,1,16,21,0.9056122448979592,355,44b6,0.989501312335958,18805,45,44b6_587a1e22,0.03683078789215416,float_coords
0.9060345623691637,0,0,1,15,19,0.8835616438356164,258,44b6,0.9928057553956835,22011,16,44b6_5f15d135,-0.25434465937192996,float_coords
0.8539967028879444,1,0,0,12,13,0.8076923076923077,105,44b6,0.9830508474576272,29826,3,44b6_706092f0,-0.5732925119459784,float_coords
0.956113205822536,1,0,0,6,6,0.9172413793103448,133,44b6,1.0,8695,9,44b6_74d0c52e,-0.42379058979456596,float_coords
0.9602360061849765,1,0,0,16,21,0.9299242424242424,491,44b6,1.0,45065,62,44b6_7a302da0,-0.32595949624577464,float_coords
0.9536033965967834,0,0,1,7,2,0.9762532981530343,370,44b6,0.9868421052631579,9330,10,44b6_996155de,0.23200845107619172,float_coords
0.9596620804768673,1,1,0,8,13,0.9098712446351931,212,44b6,1.0,26205,18,44b6_9be80b04,-0.5472294693919865,float_coords
0.9306313144509477,1,0,1,9,13,0.9264214046822743,277,44b6,0.9966216216216216,21993,37,44b6_a21120c2,-0.04544270833333333,float_coords
1.0148809395671816,1,0,0,3,0,0.9854368932038835,203,44b6,0.9904306220095693,15496,12,44b6_aaf8b0ea,-0.2987918005339608,float_coords
0.8221689373118916,2,2,0,31,39,0.8076923076923077,294,44b6,0.987987987987988,38640,50,44b6_c50204e0,-0.17923446195675263,float_coords
0.8652199323618829,1,0,0,12,14,0.8539325842696629,152,44b6,0.9761904761904762,28763,28,44b6_c8e2a523,-0.1321807868694183,float_coords
0.9751413314693489,2,0,0,8,9,0.9413793103448276,273,44b6,1.0,15440,15,44b6_d2f34f90,-0.3586441804436321,float_coords
0.8694784633535795,2,1,0,57,71,0.8672199170124482,836,44b6,0.9922737306843267,43680,68,44b6_d5e7d891,-0.026043524794862646,float_coords
0.8969235700680559,1,0,0,4,3,0.9041095890410958,66,44b6,0.9861111111111112,5582,11,44b6_d754aa59,0.07948172500483465,float_coords
0.9490880669633284,0,2,1,1,4,0.9609375,123,44b6,1.0,15714,27,44b6_deabac95,0.12331117306455072,float_coords
0.9510653214293616,2,0,0,21,13,0.8944099378881988,288,44b6,0.9678456591639871,27377,5,44b6_e28840c6,-0.6334386632032777,float_coords
0.9851842557125876,0,0,1,10,6,0.9823008849557522,888,6bba,0.9935483870967742,5853,4,6bba_062c8d37,-0.02935323383084577,float_coords
0.8154435633547911,2,0,0,38,18,0.8457300275482094,307,6bba,0.9275766016713092,29179,6,6bba_07e24132,0.35811030951826855,float_coords
0.9933698735632566,1,0,0,7,3,0.9914602903501281,1161,6bba,0.9958263772954925,8300,4,6bba_085bf656,-0.01926030958289023,float_coords
0.8943248531817481,4,0,0,92,127,0.8903903903903904,1779,6bba,0.9933333333333333,29742,25,6bba_09961292,-0.044188064402095314,float_coords
0.7699115044247787,1,0,0,24,28,0.7699115044247787,174,6bba,0.9569377990430622,22467,53,6bba_0e7c0d07,0.0,float_coords
0.9154146690088446,3,1,0,56,34,0.9127906976744186,942,6bba,0.9739382239382239,8075,6,6bba_12665c0e,-0.028746692326196775,float_coords
0.8640946587285387,1,0,0,104,99,0.8613387978142076,1261,6bba,0.9735744089012517,17336,10,6bba_1d0d8384,-0.03199508626947345,float_coords
0.6597518763159886,1,3,0,89,71,0.6928982725527831,361,6bba,0.9010526315789473,17739,35,6bba_207c6aaf,0.4783731977664805,float_coords
0.8779799925315933,3,3,0,74,40,0.8798735511064278,835,6bba,0.9453781512605042,9968,14,6bba_20852818,0.021520803443328552,float_coords
0.9841982235924539,1,1,1,6,8,0.987719298245614,1126,6bba,1.0,12376,7,6bba_2312ac41,0.035648535564853555,float_coords
0.9367150704394555,1,0,0,32,12,0.92914653784219,577,6bba,0.9703588143525741,4691,7,6bba_268e1230,-0.08145682396710398,float_coords
0.9611257941142209,1,0,0,28,19,0.9514462809917356,921,6bba,0.9949290060851927,4971,3,6bba_2819ca14,-0.10173473075533068,float_coords
0.6962975494824871,1,4,0,135,145,0.7071129707112971,676,6bba,0.9373549883990719,44625,67,6bba_32db13fc,0.15295181501098049,float_coords
0.9301862354558041,1,2,1,36,57,0.926771653543307,1177,6bba,1.0,29357,63,6bba_337b1b3a,-0.03684383202099738,float_coords
0.7968348845118267,0,1,1,92,118,0.8005698005698005,843,6bba,0.9739217652958877,54494,51,6bba_3abfe10a,0.04665322193412081,float_coords
0.9840582777449121,1,0,1,6,6,0.9840425531914894,740,6bba,0.9986928104575163,6257,5,6bba_3c5691b6,-0.00015979546180888463,float_coords
0.7839038864830308,1,0,0,52,64,0.7843866171003717,422,6bba,0.9721115537848606,23379,35,6bba_3db54e20,0.006154243415389912,float_coords
0.9963643768680793,0,0,1,14,8,0.9814658803706824,1165,6bba,0.9942004971002486,8348,8,6bba_3fda6b25,-0.1517984149563097,float_coords
0.7539331829689792,1,0,0,48,31,0.750788643533123,238,6bba,0.8972602739726028,27108,12,6bba_474be664,-0.04188315130951119,float_coords
0.931513276777221,5,0,0,34,26,0.9364406779661016,884,6bba,0.9871657754010695,25226,33,6bba_48816121,0.052618401836010846,float_coords
0.9471907457431684,1,0,0,27,33,0.9255583126550868,746,44b6,0.9923857868020305,44959,24,44b6_12dfb391,-0.23372307062994274,float_linefit_w10
0.7931849990725595,1,0,0,27,33,0.8064516129032258,250,44b6,0.9785714285714285,22277,29,44b6_267148e4,0.16450601150026137,float_linefit_w10
0.8940339678137111,1,1,0,11,19,0.868995633187773,199,44b6,1.0,40126,40,44b6_2a2eff9f,-0.28812957936381217,float_linefit_w10
0.9774175677101697,0,0,1,2,0,0.9904306220095693,207,44b6,0.9907407407407407,8413,11,44b6_341df25f,0.13138784292630445,float_linefit_w10
0.9022768036475218,0,2,1,16,21,0.9056122448979592,355,44b6,0.989501312335958,18805,45,44b6_587a1e22,0.03683078789215416,float_linefit_w10
0.9122830765923993,0,0,1,15,17,0.8896551724137931,258,44b6,0.9892086330935251,22011,16,44b6_5f15d135,-0.25434465937192996,float_linefit_w10
0.8673404013705684,1,0,0,12,11,0.8203125,105,44b6,0.9745762711864406,29826,3,44b6_706092f0,-0.5732925119459784,float_linefit_w10
0.956113205822536,1,0,0,6,6,0.9172413793103448,133,44b6,1.0,8695,9,44b6_74d0c52e,-0.42379058979456596,float_linefit_w10
0.9582803320379601,1,0,0,17,21,0.928030303030303,490,44b6,0.998062015503876,45065,62,44b6_7a302da0,-0.32595949624577464,float_linefit_w10
0.9536033965967834,0,0,1,7,2,0.9762532981530343,370,44b6,0.9868421052631579,9330,10,44b6_996155de,0.23200845107619172,float_linefit_w10
0.9555609604748294,1,1,0,8,14,0.905982905982906,212,44b6,1.0,26205,18,44b6_9be80b04,-0.5472294693919865,float_linefit_w10
0.9211103612956811,1,0,1,10,15,0.9169435215946844,276,44b6,0.9966216216216216,21993,37,44b6_a21120c2,-0.04544270833333333,float_linefit_w10
1.0148809395671816,1,0,0,3,0,0.9854368932038835,203,44b6,0.9904306220095693,15496,12,44b6_aaf8b0ea,-0.2987918005339608,float_linefit_w10
0.8267113071312943,2,2,0,31,37,0.8121546961325967,294,44b6,0.984984984984985,38640,50,44b6_c50204e0,-0.17923446195675263,float_linefit_w10
0.8652199323618829,1,0,0,12,14,0.8539325842696629,152,44b6,0.9761904761904762,28763,28,44b6_c8e2a523,-0.1321807868694183,float_linefit_w10
0.971790330330279,2,0,0,8,10,0.9381443298969072,273,44b6,1.0,15440,15,44b6_d2f34f90,-0.3586441804436321,float_linefit_w10
0.867678300903572,2,1,0,57,73,0.865424430641822,836,44b6,0.9922737306843267,43680,68,44b6_d5e7d891,-0.026043524794862646,float_linefit_w10
0.8969235700680559,1,0,0,4,3,0.9041095890410958,66,44b6,0.9861111111111112,5582,11,44b6_d754aa59,0.07948172500483465,float_linefit_w10
0.9490880669633284,0,2,1,1,4,0.9609375,123,44b6,1.0,15714,27,44b6_deabac95,0.12331117306455072,float_linefit_w10
0.982583572675746,2,0,0,17,7,0.9240506329113924,292,44b6,0.9678456591639871,27377,5,44b6_e28840c6,-0.6334386632032777,float_linefit_w10
0.9851842557125876,0,0,1,10,6,0.9823008849557522,888,6bba,0.9935483870967742,5853,4,6bba_062c8d37,-0.02935323383084577,float_linefit_w10
0.8154435633547911,2,0,0,38,18,0.8457300275482094,307,6bba,0.9275766016713092,29179,6,6bba_07e24132,0.35811030951826855,float_linefit_w10
0.9967835534683405,1,0,0,5,1,0.9948674080410608,1163,6bba,0.996661101836394,8300,4,6bba_085bf656,-0.01926030958289023,float_linefit_w10
0.8892561317237349,4,0,0,95,135,0.8853439680957128,1776,6bba,0.9943589743589744,29742,25,6bba_09961292,-0.044188064402095314,float_linefit_w10
0.7767857142857143,1,0,0,24,26,0.7767857142857143,174,6bba,0.9521531100478469,22467,53,6bba_0e7c0d07,0.0,float_linefit_w10
0.9154146690088446,3,1,0,56,34,0.9127906976744186,942,6bba,0.9739382239382239,8075,6,6bba_12665c0e,-0.028746692326196775,float_linefit_w10
0.8641896108445103,1,0,0,103,100,0.8614334470989761,1262,6bba,0.9749652294853964,17336,10,6bba_1d0d8384,-0.03199508626947345,float_linefit_w10
0.6523404622140903,1,3,0,91,74,0.6851145038167938,359,6bba,0.8989473684210526,17739,35,6bba_207c6aaf,0.4783731977664805,float_linefit_w10
0.8732478121645607,3,3,0,75,44,0.8751311647429171,834,6bba,0.9464285714285714,9968,14,6bba_20852818,0.021520803443328552,float_linefit_w10
0.9841982235924539,1,1,1,6,8,0.987719298245614,1126,6bba,1.0,12376,7,6bba_2312ac41,0.035648535564853555,float_linefit_w10
0.9226549285294693,1,0,0,37,16,0.9152,572,6bba,0.9656786271450858,4691,7,6bba_268e1230,-0.08145682396710398,float_linefit_w10
0.9590914295453977,1,0,0,29,20,0.9494324045407637,920,6bba,0.9939148073022313,4971,3,6bba_2819ca14,-0.10173473075533068,float_linefit_w10
0.7008538488058222,1,4,0,132,143,0.7117400419287212,679,6bba,0.9396751740139211,44625,67,6bba_32db13fc,0.15295181501098049,float_linefit_w10
0.9301862354558041,1,2,1,36,57,0.926771653543307,1177,6bba,1.0,29357,63,6bba_337b1b3a,-0.03684383202099738,float_linefit_w10
0.7906337723708935,0,1,1,93,125,0.7943396226415095,842,6bba,0.9769307923771314,54494,51,6bba_3abfe10a,0.04665322193412081,float_linefit_w10
0.9840582777449121,1,0,1,6,6,0.9840425531914894,740,6bba,0.9986928104575163,6257,5,6bba_3c5691b6,-0.00015979546180888463,float_linefit_w10
0.7768870820053714,1,0,0,55,65,0.7773654916512059,419,6bba,0.9661354581673307,23379,35,6bba_3db54e20,0.006154243415389912,float_linefit_w10
0.9946711578290526,0,0,1,15,9,0.9797979797979798,1164,6bba,0.9933719966859983,8348,8,6bba_3fda6b25,-0.1517984149563097,float_linefit_w10
0.7374507939242922,1,0,0,51,34,0.734375,235,6bba,0.8904109589041096,27108,12,6bba_474be664,-0.04188315130951119,float_linefit_w10
0.931513276777221,5,0,0,34,26,0.9364406779661016,884,6bba,0.9871657754010695,25226,33,6bba_48816121,0.052618401836010846,float_linefit_w10
0.93998641537638,1,0,0,29,37,0.9185185185185185,744,44b6,0.9923857868020305,44959,24,44b6_12dfb391,-0.23372307062994274,float_linefit_win3
0.813196071598181,1,0,0,24,29,0.826797385620915,253,44b6,0.9821428571428571,22277,29,44b6_267148e4,0.16450601150026137,float_linefit_win3
0.8818396782311838,1,1,0,12,21,0.8571428571428571,198,44b6,1.0,40126,40,44b6_2a2eff9f,-0.28812957936381217,float_linefit_win3
0.9774175677101697,0,0,1,2,0,0.9904306220095693,207,44b6,0.9907407407407407,8413,11,44b6_341df25f,0.13138784292630445,float_linefit_win3
0.897445776357806,0,2,1,17,22,0.9007633587786259,354,44b6,0.9868766404199475,18805,45,44b6_587a1e22,0.03683078789215416,float_linefit_win3
0.9122830765923993,0,0,1,15,17,0.8896551724137931,258,44b6,0.9892086330935251,22011,16,44b6_5f15d135,-0.25434465937192996,float_linefit_win3
0.8978907133160473,1,0,0,10,9,0.8492063492063492,107,44b6,0.9830508474576272,29826,3,44b6_706092f0,-0.5732925119459784,float_linefit_win3
0.956113205822536,1,0,0,6,6,0.9172413793103448,133,44b6,1.0,8695,9,44b6_74d0c52e,-0.42379058979456596,float_linefit_win3
0.9582803320379601,1,0,0,17,21,0.928030303030303,490,44b6,0.998062015503876,45065,62,44b6_7a302da0,-0.32595949624577464,float_linefit_win3
0.9510260901194947,0,0,1,8,2,0.9736147757255936,369,44b6,0.9842105263157894,9330,10,44b6_996155de,0.23200845107619172,float_linefit_win3
0.9510535974537218,1,1,0,9,14,0.9017094017094017,211,44b6,0.9954954954954955,26205,18,44b6_9be80b04,-0.5472294693919865,float_linefit_win3
0.9306313144509477,1,0,1,9,13,0.9264214046822743,277,44b6,0.9966216216216216,21993,37,44b6_a21120c2,-0.04544270833333333,float_linefit_win3
1.0148809395671816,1,0,0,3,0,0.9854368932038835,203,44b6,0.9904306220095693,15496,12,44b6_aaf8b0ea,-0.2987918005339608,float_linefit_win3
0.8318210986917567,2,2,0,30,36,0.817174515235457,295,44b6,0.984984984984985,38640,50,44b6_c50204e0,-0.17923446195675263,float_linefit_win3
0.855606377557862,1,0,0,12,16,0.8444444444444444,152,44b6,0.9821428571428571,28763,28,44b6_c8e2a523,-0.1321807868694183,float_linefit_win3
0.9751413314693489,2,0,0,8,9,0.9413793103448276,273,44b6,1.0,15440,15,44b6_d2f34f90,-0.3586441804436321,float_linefit_win3
0.8533460043177559,2,1,0,64,81,0.851129363449692,829,44b6,0.9889624724061811,43680,68,44b6_d5e7d891,-0.026043524794862646,float_linefit_win3
0.8969235700680559,1,0,0,4,3,0.9041095890410958,66,44b6,0.9861111111111112,5582,11,44b6_d754aa59,0.07948172500483465,float_linefit_win3
0.9490880669633284,0,2,1,1,4,0.9609375,123,44b6,1.0,15714,27,44b6_deabac95,0.12331117306455072,float_linefit_win3
0.982583572675746,2,0,0,17,7,0.9240506329113924,292,44b6,0.9678456591639871,27377,5,44b6_e28840c6,-0.6334386632032777,float_linefit_win3
0.9851842557125876,0,0,1,10,6,0.9823008849557522,888,6bba,0.9935483870967742,5853,4,6bba_062c8d37,-0.02935323383084577,float_linefit_win3
0.829900811799124,2,0,0,36,14,0.8607242339832869,309,6bba,0.9275766016713092,29179,6,6bba_07e24132,0.35811030951826855,float_linefit_win3
0.9933698735632566,1,0,0,7,3,0.9914602903501281,1161,6bba,0.9958263772954925,8300,4,6bba_085bf656,-0.01926030958289023,float_linefit_win3
0.8948275652970836,4,0,0,91,127,0.8908908908908909,1780,6bba,0.9943589743589744,29742,25,6bba_09961292,-0.044188064402095314,float_linefit_win3
0.7863636363636364,1,0,0,25,22,0.7863636363636364,173,6bba,0.937799043062201,22467,53,6bba_0e7c0d07,0.0,float_linefit_win3
0.9154146690088446,3,1,0,56,34,0.9127906976744186,942,6bba,0.9739382239382239,8075,6,6bba_12665c0e,-0.028746692326196775,float_linefit_win3
0.8605677417541365,1,0,0,104,105,0.8578231292517007,1261,6bba,0.9742698191933241,17336,10,6bba_1d0d8384,-0.03199508626947345,float_linefit_win3
0.63897495553741,1,3,0,95,79,0.6710775047258979,355,6bba,0.8968421052631579,17739,35,6bba_207c6aaf,0.4783731977664805,float_linefit_win3
0.8789061317642215,3,3,0,74,39,0.880801687763713,835,6bba,0.944327731092437,9968,14,6bba_20852818,0.021520803443328552,float_linefit_win3
0.9841982235924539,1,1,1,6,8,0.987719298245614,1126,6bba,1.0,12376,7,6bba_2312ac41,0.035648535564853555,float_linefit_win3
0.9226549285294693,1,0,0,37,16,0.9152,572,6bba,0.9656786271450858,4691,7,6bba_268e1230,-0.08145682396710398,float_linefit_win3
0.9590914295453977,1,0,0,29,20,0.9494324045407637,920,6bba,0.9939148073022313,4971,3,6bba_2819ca14,-0.10173473075533068,float_linefit_win3
0.6990888659081209,1,4,0,133,144,0.7099476439790576,678,6bba,0.9396751740139211,44625,67,6bba_32db13fc,0.15295181501098049,float_linefit_win3
0.9279346184321299,1,2,1,37,59,0.9245283018867925,1176,6bba,1.0,29357,63,6bba_337b1b3a,-0.03684383202099738,float_linefit_win3
0.7896947773918306,0,1,1,94,125,0.7933962264150943,841,6bba,0.9759277833500501,54494,51,6bba_3abfe10a,0.04665322193412081,float_linefit_win3
0.9840582777449121,1,0,1,6,6,0.9840425531914894,740,6bba,0.9986928104575163,6257,5,6bba_3c5691b6,-0.00015979546180888463,float_linefit_win3
0.7758623323041657,1,0,0,54,67,0.7763401109057301,420,6bba,0.9701195219123506,23379,35,6bba_3db54e20,0.006154243415389912,float_linefit_win3
0.9963643768680793,0,0,1,14,8,0.9814658803706824,1165,6bba,0.9942004971002486,8348,8,6bba_3fda6b25,-0.1517984149563097,float_linefit_win3
0.7667763812022279,1,0,0,47,27,0.7635782747603834,239,6bba,0.8938356164383562,27108,12,6bba_474be664,-0.04188315130951119,float_linefit_win3
0.9254842372975357,5,0,0,36,30,0.930379746835443,882,6bba,0.9871657754010695,25226,33,6bba_48816121,0.052618401836010846,float_linefit_win3
